Model;Tool;SAT-solver;Seconds
ESP8266;Flama;glucose4;0.001
ESP8266;Flama;glucose4;0.0006
ESP8266;Flama;glucose4;0.0005
ESP8266;Flama;glucose4;0.0006
ESP8266;Flama;glucose4;0.0003
ESP8266;Flama;glucose4;0.0006
ESP8266;Flama;glucose4;0.0003
ESP8266;Flama;glucose4;0.0003
ESP8266;Flama;glucose4;0.0003
ESP8266;Flama;glucose4;0.0003
ESP8266;Flama;glucose4;0.0005
ESP8266;Flama;glucose4;0.0006
ESP8266;Flama;glucose4;0.0006
ESP8266;Flama;glucose4;0.0005
ESP8266;Flama;glucose4;0.0005
ESP8266;Flama;glucose4;0.0006
ESP8266;Flama;glucose4;0.0005
ESP8266;Flama;glucose4;0.0005
ESP8266;Flama;glucose4;0.0005
ESP8266;Flama;glucose4;0.0005
ESP8266;Flama;glucose4;0.0005
ESP8266;Flama;glucose4;0.0005
ESP8266;Flama;glucose4;0.0005
ESP8266;Flama;glucose4;0.0006
ESP8266;Flama;glucose4;0.0005
ESP8266;Flama;glucose4;0.0005
ESP8266;Flama;glucose4;0.0005
ESP8266;Flama;glucose4;0.001
ESP8266;Flama;glucose4;0.0005
ESP8266;Flama;glucose4;0.0005
ESP8266;Flama;glucose4;0.0005
ESP8266;Flama;glucose4;0.0005
ESP8266;Flama;glucose4;0.0007
ESP8266;Flama;glucose4;0.0005
ESP8266;Flama;glucose4;0.0006
ESP8266;Flama;glucose4;0.0005
ESP8266;Flama;glucose4;0.0006
ESP8266;Flama;glucose4;0.0005
ESP8266;Flama;glucose4;0.0005
ESP8266;Flama;glucose4;0.0005
ESP8266;Flama;glucose4;0.0007
ESP8266;Flama;glucose4;0.0005
ESP8266;Flama;glucose4;0.0005
ESP8266;Flama;glucose4;0.0005
ESP8266;Flama;glucose4;0.0006
ESP8266;Flama;glucose4;0.0005
ESP8266;Flama;glucose4;0.0005
ESP8266;Flama;glucose4;0.0006
ESP8266;Flama;glucose4;0.0005
ESP8266;Flama;glucose4;0.0005
ESP8266;Flama;glucose4;0.0005
ESP8266;Flama;glucose4;0.0006
ESP8266;Flama;glucose4;0.0005
ESP8266;Flama;glucose4;0.0007
ESP8266;Flama;glucose4;0.0005
ESP8266;Flama;glucose4;0.0005
ESP8266;Flama;glucose4;0.0007
ESP8266;Flama;glucose4;0.0005
ESP8266;Flama;glucose4;0.0005
ESP8266;Flama;glucose4;0.0006
ESP8266;Flama;glucose4;0.0005
ESP8266;Flama;glucose4;0.0005
ESP8266;Flama;glucose4;0.0006
ESP8266;Flama;glucose4;0.0005
ESP8266;Flama;glucose4;0.0005
ESP8266;Flama;glucose4;0.0005
ESP8266;Flama;glucose4;0.0005
ESP8266;Flama;glucose4;0.0005
ESP8266;Flama;glucose4;0.0007
ESP8266;Flama;glucose4;0.0006
ESP8266;Flama;glucose4;0.0005
ESP8266;Flama;glucose4;0.0005
ESP8266;Flama;glucose4;0.0006
ESP8266;Flama;glucose4;0.0005
ESP8266;Flama;glucose4;0.0005
ESP8266;Flama;glucose4;0.0005
ESP8266;Flama;glucose4;0.0005
ESP8266;Flama;glucose4;0.0006
ESP8266;Flama;glucose4;0.0005
ESP8266;Flama;glucose4;0.0005
ESP8266;Flama;glucose4;0.0005
ESP8266;Flama;glucose4;0.0005
ESP8266;Flama;glucose4;0.0005
ESP8266;Flama;glucose4;0.0006
ESP8266;Flama;glucose4;0.0005
ESP8266;Flama;glucose4;0.0005
ESP8266;Flama;glucose4;0.0007
ESP8266;Flama;glucose4;0.0005
ESP8266;Flama;glucose4;0.0005
ESP8266;Flama;glucose4;0.0005
ESP8266;Flama;glucose4;0.0007
ESP8266;Flama;glucose4;0.0005
ESP8266;Flama;glucose4;0.0005
ESP8266;Flama;glucose4;0.0005
ESP8266;Flama;glucose4;0.0006
ESP8266;Flama;glucose4;0.0005
ESP8266;Flama;glucose4;0.0005
ESP8266;Flama;glucose4;0.0005
ESP8266;Flama;glucose4;0.0005
ESP8266;Flama;glucose4;0.0007
ESP8266;Flama;lingeling;0.0012
ESP8266;Flama;lingeling;0.0012
ESP8266;Flama;lingeling;0.0016
ESP8266;Flama;lingeling;0.0013
ESP8266;Flama;lingeling;0.0012
ESP8266;Flama;lingeling;0.0012
ESP8266;Flama;lingeling;0.0016
ESP8266;Flama;lingeling;0.0012
ESP8266;Flama;lingeling;0.0012
ESP8266;Flama;lingeling;0.0017
ESP8266;Flama;lingeling;0.0013
ESP8266;Flama;lingeling;0.0013
ESP8266;Flama;lingeling;0.0012
ESP8266;Flama;lingeling;0.0017
ESP8266;Flama;lingeling;0.0013
ESP8266;Flama;lingeling;0.0012
ESP8266;Flama;lingeling;0.0016
ESP8266;Flama;lingeling;0.0014
ESP8266;Flama;lingeling;0.0012
ESP8266;Flama;lingeling;0.0013
ESP8266;Flama;lingeling;0.0012
ESP8266;Flama;lingeling;0.0017
ESP8266;Flama;lingeling;0.0013
ESP8266;Flama;lingeling;0.0012
ESP8266;Flama;lingeling;0.0012
ESP8266;Flama;lingeling;0.0017
ESP8266;Flama;lingeling;0.0013
ESP8266;Flama;lingeling;0.0012
ESP8266;Flama;lingeling;0.0012
ESP8266;Flama;lingeling;0.0012
ESP8266;Flama;lingeling;0.0015
ESP8266;Flama;lingeling;0.0012
ESP8266;Flama;lingeling;0.0012
ESP8266;Flama;lingeling;0.0012
ESP8266;Flama;lingeling;0.0014
ESP8266;Flama;lingeling;0.0012
ESP8266;Flama;lingeling;0.0012
ESP8266;Flama;lingeling;0.0012
ESP8266;Flama;lingeling;0.0012
ESP8266;Flama;lingeling;0.0015
ESP8266;Flama;lingeling;0.0012
ESP8266;Flama;lingeling;0.0012
ESP8266;Flama;lingeling;0.0016
ESP8266;Flama;lingeling;0.0013
ESP8266;Flama;lingeling;0.0015
ESP8266;Flama;lingeling;0.0012
ESP8266;Flama;lingeling;0.0012
ESP8266;Flama;lingeling;0.0012
ESP8266;Flama;lingeling;0.0017
ESP8266;Flama;lingeling;0.0013
ESP8266;Flama;lingeling;0.0012
ESP8266;Flama;lingeling;0.0012
ESP8266;Flama;lingeling;0.0016
ESP8266;Flama;lingeling;0.0013
ESP8266;Flama;lingeling;0.0012
ESP8266;Flama;lingeling;0.0015
ESP8266;Flama;lingeling;0.0012
ESP8266;Flama;lingeling;0.0012
ESP8266;Flama;lingeling;0.0013
ESP8266;Flama;lingeling;0.0015
ESP8266;Flama;lingeling;0.0012
ESP8266;Flama;lingeling;0.0012
ESP8266;Flama;lingeling;0.0016
ESP8266;Flama;lingeling;0.0012
ESP8266;Flama;lingeling;0.0012
ESP8266;Flama;lingeling;0.0012
ESP8266;Flama;lingeling;0.0012
ESP8266;Flama;lingeling;0.0012
ESP8266;Flama;lingeling;0.0012
ESP8266;Flama;lingeling;0.0013
ESP8266;Flama;lingeling;0.0015
ESP8266;Flama;lingeling;0.0012
ESP8266;Flama;lingeling;0.0018
ESP8266;Flama;lingeling;0.0014
ESP8266;Flama;lingeling;0.0013
ESP8266;Flama;lingeling;0.0012
ESP8266;Flama;lingeling;0.0012
ESP8266;Flama;lingeling;0.0016
ESP8266;Flama;lingeling;0.0012
ESP8266;Flama;lingeling;0.0012
ESP8266;Flama;lingeling;0.0012
ESP8266;Flama;lingeling;0.0015
ESP8266;Flama;lingeling;0.0012
ESP8266;Flama;lingeling;0.0012
ESP8266;Flama;lingeling;0.0012
ESP8266;Flama;lingeling;0.0017
ESP8266;Flama;lingeling;0.0012
ESP8266;Flama;lingeling;0.0012
ESP8266;Flama;lingeling;0.0013
ESP8266;Flama;lingeling;0.0015
ESP8266;Flama;lingeling;0.0012
ESP8266;Flama;lingeling;0.0012
ESP8266;Flama;lingeling;0.0012
ESP8266;Flama;lingeling;0.0012
ESP8266;Flama;lingeling;0.0017
ESP8266;Flama;lingeling;0.0013
ESP8266;Flama;lingeling;0.0012
ESP8266;Flama;lingeling;0.0012
ESP8266;Flama;lingeling;0.0016
ESP8266;Flama;lingeling;0.0013
ESP8266;Flama;minisat22;0.0004
ESP8266;Flama;minisat22;0.0005
ESP8266;Flama;minisat22;0.0004
ESP8266;Flama;minisat22;0.0004
ESP8266;Flama;minisat22;0.0004
ESP8266;Flama;minisat22;0.0003
ESP8266;Flama;minisat22;0.0005
ESP8266;Flama;minisat22;0.0004
ESP8266;Flama;minisat22;0.0004
ESP8266;Flama;minisat22;0.0005
ESP8266;Flama;minisat22;0.0004
ESP8266;Flama;minisat22;0.0004
ESP8266;Flama;minisat22;0.0004
ESP8266;Flama;minisat22;0.0004
ESP8266;Flama;minisat22;0.0004
ESP8266;Flama;minisat22;0.0004
ESP8266;Flama;minisat22;0.0004
ESP8266;Flama;minisat22;0.0003
ESP8266;Flama;minisat22;0.0004
ESP8266;Flama;minisat22;0.0004
ESP8266;Flama;minisat22;0.0004
ESP8266;Flama;minisat22;0.0004
ESP8266;Flama;minisat22;0.0003
ESP8266;Flama;minisat22;0.0004
ESP8266;Flama;minisat22;0.0003
ESP8266;Flama;minisat22;0.0005
ESP8266;Flama;minisat22;0.0004
ESP8266;Flama;minisat22;0.0003
ESP8266;Flama;minisat22;0.0005
ESP8266;Flama;minisat22;0.0005
ESP8266;Flama;minisat22;0.0003
ESP8266;Flama;minisat22;0.0003
ESP8266;Flama;minisat22;0.0003
ESP8266;Flama;minisat22;0.0004
ESP8266;Flama;minisat22;0.0004
ESP8266;Flama;minisat22;0.0003
ESP8266;Flama;minisat22;0.0005
ESP8266;Flama;minisat22;0.0004
ESP8266;Flama;minisat22;0.0004
ESP8266;Flama;minisat22;0.0004
ESP8266;Flama;minisat22;0.0003
ESP8266;Flama;minisat22;0.0004
ESP8266;Flama;minisat22;0.0005
ESP8266;Flama;minisat22;0.0004
ESP8266;Flama;minisat22;0.0004
ESP8266;Flama;minisat22;0.0004
ESP8266;Flama;minisat22;0.0005
ESP8266;Flama;minisat22;0.0004
ESP8266;Flama;minisat22;0.0003
ESP8266;Flama;minisat22;0.0004
ESP8266;Flama;minisat22;0.0005
ESP8266;Flama;minisat22;0.0004
ESP8266;Flama;minisat22;0.0003
ESP8266;Flama;minisat22;0.0003
ESP8266;Flama;minisat22;0.0005
ESP8266;Flama;minisat22;0.0004
ESP8266;Flama;minisat22;0.0004
ESP8266;Flama;minisat22;0.0004
ESP8266;Flama;minisat22;0.0006
ESP8266;Flama;minisat22;0.0004
ESP8266;Flama;minisat22;0.0004
ESP8266;Flama;minisat22;0.0004
ESP8266;Flama;minisat22;0.0004
ESP8266;Flama;minisat22;0.0005
ESP8266;Flama;minisat22;0.0004
ESP8266;Flama;minisat22;0.0004
ESP8266;Flama;minisat22;0.0004
ESP8266;Flama;minisat22;0.0005
ESP8266;Flama;minisat22;0.0003
ESP8266;Flama;minisat22;0.0004
ESP8266;Flama;minisat22;0.0005
ESP8266;Flama;minisat22;0.0004
ESP8266;Flama;minisat22;0.0004
ESP8266;Flama;minisat22;0.0004
ESP8266;Flama;minisat22;0.0004
ESP8266;Flama;minisat22;0.0004
ESP8266;Flama;minisat22;0.0003
ESP8266;Flama;minisat22;0.0003
ESP8266;Flama;minisat22;0.0005
ESP8266;Flama;minisat22;0.0004
ESP8266;Flama;minisat22;0.0004
ESP8266;Flama;minisat22;0.0004
ESP8266;Flama;minisat22;0.0004
ESP8266;Flama;minisat22;0.0004
ESP8266;Flama;minisat22;0.0004
ESP8266;Flama;minisat22;0.0003
ESP8266;Flama;minisat22;0.0005
ESP8266;Flama;minisat22;0.0004
ESP8266;Flama;minisat22;0.0003
ESP8266;Flama;minisat22;0.0003
ESP8266;Flama;minisat22;0.0004
ESP8266;Flama;minisat22;0.0003
ESP8266;Flama;minisat22;0.0003
ESP8266;Flama;minisat22;0.0005
ESP8266;Flama;minisat22;0.0004
ESP8266;Flama;minisat22;0.0004
ESP8266;Flama;minisat22;0.0004
ESP8266;Flama;minisat22;0.0005
ESP8266;Flama;minisat22;0.0004
ESP8266;Flama;minisat22;0.0004
FM-3;Flama;glucose4;0.0017
FM-3;Flama;glucose4;0.0014
FM-3;Flama;glucose4;0.0011
FM-3;Flama;glucose4;0.0011
FM-3;Flama;glucose4;0.0013
FM-3;Flama;glucose4;0.0012
FM-3;Flama;glucose4;0.0011
FM-3;Flama;glucose4;0.0011
FM-3;Flama;glucose4;0.0016
FM-3;Flama;glucose4;0.0012
FM-3;Flama;glucose4;0.0015
FM-3;Flama;glucose4;0.0011
FM-3;Flama;glucose4;0.0014
FM-3;Flama;glucose4;0.0011
FM-3;Flama;glucose4;0.0012
FM-3;Flama;glucose4;0.0011
FM-3;Flama;glucose4;0.0017
FM-3;Flama;glucose4;0.0013
FM-3;Flama;glucose4;0.0011
FM-3;Flama;glucose4;0.0012
FM-3;Flama;glucose4;0.0013
FM-3;Flama;glucose4;0.0011
FM-3;Flama;glucose4;0.0012
FM-3;Flama;glucose4;0.0011
FM-3;Flama;glucose4;0.0014
FM-3;Flama;glucose4;0.0011
FM-3;Flama;glucose4;0.0012
FM-3;Flama;glucose4;0.0011
FM-3;Flama;glucose4;0.0015
FM-3;Flama;glucose4;0.0013
FM-3;Flama;glucose4;0.0011
FM-3;Flama;glucose4;0.0011
FM-3;Flama;glucose4;0.0011
FM-3;Flama;glucose4;0.0015
FM-3;Flama;glucose4;0.0011
FM-3;Flama;glucose4;0.0011
FM-3;Flama;glucose4;0.0017
FM-3;Flama;glucose4;0.0013
FM-3;Flama;glucose4;0.0012
FM-3;Flama;glucose4;0.0011
FM-3;Flama;glucose4;0.0011
FM-3;Flama;glucose4;0.0016
FM-3;Flama;glucose4;0.0012
FM-3;Flama;glucose4;0.0011
FM-3;Flama;glucose4;0.0016
FM-3;Flama;glucose4;0.0012
FM-3;Flama;glucose4;0.0011
FM-3;Flama;glucose4;0.0011
FM-3;Flama;glucose4;0.0011
FM-3;Flama;glucose4;0.0016
FM-3;Flama;glucose4;0.0012
FM-3;Flama;glucose4;0.0012
FM-3;Flama;glucose4;0.0011
FM-3;Flama;glucose4;0.0016
FM-3;Flama;glucose4;0.0012
FM-3;Flama;glucose4;0.0011
FM-3;Flama;glucose4;0.0011
FM-3;Flama;glucose4;0.002
FM-3;Flama;glucose4;0.0014
FM-3;Flama;glucose4;0.0012
FM-3;Flama;glucose4;0.0012
FM-3;Flama;glucose4;0.0014
FM-3;Flama;glucose4;0.0011
FM-3;Flama;glucose4;0.0011
FM-3;Flama;glucose4;0.0016
FM-3;Flama;glucose4;0.0013
FM-3;Flama;glucose4;0.0011
FM-3;Flama;glucose4;0.0011
FM-3;Flama;glucose4;0.0012
FM-3;Flama;glucose4;0.0011
FM-3;Flama;glucose4;0.0014
FM-3;Flama;glucose4;0.0011
FM-3;Flama;glucose4;0.0011
FM-3;Flama;glucose4;0.0012
FM-3;Flama;glucose4;0.0016
FM-3;Flama;glucose4;0.0012
FM-3;Flama;glucose4;0.0015
FM-3;Flama;glucose4;0.0012
FM-3;Flama;glucose4;0.0014
FM-3;Flama;glucose4;0.0011
FM-3;Flama;glucose4;0.0011
FM-3;Flama;glucose4;0.0011
FM-3;Flama;glucose4;0.0015
FM-3;Flama;glucose4;0.0013
FM-3;Flama;glucose4;0.0011
FM-3;Flama;glucose4;0.0011
FM-3;Flama;glucose4;0.0015
FM-3;Flama;glucose4;0.0013
FM-3;Flama;glucose4;0.0012
FM-3;Flama;glucose4;0.0011
FM-3;Flama;glucose4;0.0016
FM-3;Flama;glucose4;0.0013
FM-3;Flama;glucose4;0.0011
FM-3;Flama;glucose4;0.0012
FM-3;Flama;glucose4;0.0011
FM-3;Flama;glucose4;0.0014
FM-3;Flama;glucose4;0.0011
FM-3;Flama;glucose4;0.0011
FM-3;Flama;glucose4;0.0014
FM-3;Flama;glucose4;0.0011
FM-3;Flama;lingeling;0.0039
FM-3;Flama;lingeling;0.0039
FM-3;Flama;lingeling;0.0055
FM-3;Flama;lingeling;0.0042
FM-3;Flama;lingeling;0.0039
FM-3;Flama;lingeling;0.0039
FM-3;Flama;lingeling;0.0039
FM-3;Flama;lingeling;0.0039
FM-3;Flama;lingeling;0.0055
FM-3;Flama;lingeling;0.0039
FM-3;Flama;lingeling;0.0039
FM-3;Flama;lingeling;0.0039
FM-3;Flama;lingeling;0.0052
FM-3;Flama;lingeling;0.0026
FM-3;Flama;lingeling;0.004
FM-3;Flama;lingeling;0.0056
FM-3;Flama;lingeling;0.0043
FM-3;Flama;lingeling;0.0039
FM-3;Flama;lingeling;0.0039
FM-3;Flama;lingeling;0.0039
FM-3;Flama;lingeling;0.0053
FM-3;Flama;lingeling;0.0048
FM-3;Flama;lingeling;0.0039
FM-3;Flama;lingeling;0.0039
FM-3;Flama;lingeling;0.0055
FM-3;Flama;lingeling;0.0041
FM-3;Flama;lingeling;0.0039
FM-3;Flama;lingeling;0.004
FM-3;Flama;lingeling;0.0048
FM-3;Flama;lingeling;0.0039
FM-3;Flama;lingeling;0.0039
FM-3;Flama;lingeling;0.0039
FM-3;Flama;lingeling;0.0055
FM-3;Flama;lingeling;0.0052
FM-3;Flama;lingeling;0.0039
FM-3;Flama;lingeling;0.0039
FM-3;Flama;lingeling;0.0052
FM-3;Flama;lingeling;0.0039
FM-3;Flama;lingeling;0.0039
FM-3;Flama;lingeling;0.0039
FM-3;Flama;lingeling;0.0055
FM-3;Flama;lingeling;0.0043
FM-3;Flama;lingeling;0.0039
FM-3;Flama;lingeling;0.004
FM-3;Flama;lingeling;0.0049
FM-3;Flama;lingeling;0.0043
FM-3;Flama;lingeling;0.0039
FM-3;Flama;lingeling;0.0039
FM-3;Flama;lingeling;0.0039
FM-3;Flama;lingeling;0.0055
FM-3;Flama;lingeling;0.0044
FM-3;Flama;lingeling;0.0039
FM-3;Flama;lingeling;0.0051
FM-3;Flama;lingeling;0.0051
FM-3;Flama;lingeling;0.0045
FM-3;Flama;lingeling;0.0039
FM-3;Flama;lingeling;0.004
FM-3;Flama;lingeling;0.004
FM-3;Flama;lingeling;0.004
FM-3;Flama;lingeling;0.0039
FM-3;Flama;lingeling;0.0051
FM-3;Flama;lingeling;0.0039
FM-3;Flama;lingeling;0.0039
FM-3;Flama;lingeling;0.0048
FM-3;Flama;lingeling;0.0039
FM-3;Flama;lingeling;0.0039
FM-3;Flama;lingeling;0.0053
FM-3;Flama;lingeling;0.0041
FM-3;Flama;lingeling;0.0039
FM-3;Flama;lingeling;0.0039
FM-3;Flama;lingeling;0.0056
FM-3;Flama;lingeling;0.0041
FM-3;Flama;lingeling;0.0039
FM-3;Flama;lingeling;0.0039
FM-3;Flama;lingeling;0.0052
FM-3;Flama;lingeling;0.0039
FM-3;Flama;lingeling;0.0039
FM-3;Flama;lingeling;0.0053
FM-3;Flama;lingeling;0.0049
FM-3;Flama;lingeling;0.0039
FM-3;Flama;lingeling;0.0039
FM-3;Flama;lingeling;0.0055
FM-3;Flama;lingeling;0.0043
FM-3;Flama;lingeling;0.0039
FM-3;Flama;lingeling;0.0039
FM-3;Flama;lingeling;0.0046
FM-3;Flama;lingeling;0.0049
FM-3;Flama;lingeling;0.0039
FM-3;Flama;lingeling;0.0039
FM-3;Flama;lingeling;0.0056
FM-3;Flama;lingeling;0.0045
FM-3;Flama;lingeling;0.0039
FM-3;Flama;lingeling;0.0039
FM-3;Flama;lingeling;0.0039
FM-3;Flama;lingeling;0.0055
FM-3;Flama;lingeling;0.0044
FM-3;Flama;lingeling;0.0039
FM-3;Flama;lingeling;0.004
FM-3;Flama;lingeling;0.0039
FM-3;Flama;lingeling;0.0049
FM-3;Flama;minisat22;0.0011
FM-3;Flama;minisat22;0.0009
FM-3;Flama;minisat22;0.0009
FM-3;Flama;minisat22;0.0009
FM-3;Flama;minisat22;0.0009
FM-3;Flama;minisat22;0.0013
FM-3;Flama;minisat22;0.001
FM-3;Flama;minisat22;0.0009
FM-3;Flama;minisat22;0.001
FM-3;Flama;minisat22;0.0017
FM-3;Flama;minisat22;0.0011
FM-3;Flama;minisat22;0.0009
FM-3;Flama;minisat22;0.0009
FM-3;Flama;minisat22;0.0009
FM-3;Flama;minisat22;0.0013
FM-3;Flama;minisat22;0.001
FM-3;Flama;minisat22;0.0009
FM-3;Flama;minisat22;0.0009
FM-3;Flama;minisat22;0.0012
FM-3;Flama;minisat22;0.0009
FM-3;Flama;minisat22;0.0009
FM-3;Flama;minisat22;0.001
FM-3;Flama;minisat22;0.0012
FM-3;Flama;minisat22;0.0009
FM-3;Flama;minisat22;0.0009
FM-3;Flama;minisat22;0.0009
FM-3;Flama;minisat22;0.0011
FM-3;Flama;minisat22;0.0009
FM-3;Flama;minisat22;0.0009
FM-3;Flama;minisat22;0.0009
FM-3;Flama;minisat22;0.0014
FM-3;Flama;minisat22;0.0011
FM-3;Flama;minisat22;0.001
FM-3;Flama;minisat22;0.0009
FM-3;Flama;minisat22;0.0009
FM-3;Flama;minisat22;0.0013
FM-3;Flama;minisat22;0.001
FM-3;Flama;minisat22;0.0009
FM-3;Flama;minisat22;0.0009
FM-3;Flama;minisat22;0.0009
FM-3;Flama;minisat22;0.0012
FM-3;Flama;minisat22;0.0009
FM-3;Flama;minisat22;0.0009
FM-3;Flama;minisat22;0.0011
FM-3;Flama;minisat22;0.0009
FM-3;Flama;minisat22;0.0009
FM-3;Flama;minisat22;0.0012
FM-3;Flama;minisat22;0.001
FM-3;Flama;minisat22;0.0009
FM-3;Flama;minisat22;0.0011
FM-3;Flama;minisat22;0.0006
FM-3;Flama;minisat22;0.0006
FM-3;Flama;minisat22;0.0009
FM-3;Flama;minisat22;0.0009
FM-3;Flama;minisat22;0.0009
FM-3;Flama;minisat22;0.001
FM-3;Flama;minisat22;0.0009
FM-3;Flama;minisat22;0.001
FM-3;Flama;minisat22;0.0009
FM-3;Flama;minisat22;0.0011
FM-3;Flama;minisat22;0.0009
FM-3;Flama;minisat22;0.0009
FM-3;Flama;minisat22;0.0009
FM-3;Flama;minisat22;0.001
FM-3;Flama;minisat22;0.0012
FM-3;Flama;minisat22;0.0009
FM-3;Flama;minisat22;0.0009
FM-3;Flama;minisat22;0.0014
FM-3;Flama;minisat22;0.001
FM-3;Flama;minisat22;0.0009
FM-3;Flama;minisat22;0.0009
FM-3;Flama;minisat22;0.0009
FM-3;Flama;minisat22;0.0013
FM-3;Flama;minisat22;0.001
FM-3;Flama;minisat22;0.0009
FM-3;Flama;minisat22;0.0009
FM-3;Flama;minisat22;0.0015
FM-3;Flama;minisat22;0.0011
FM-3;Flama;minisat22;0.0009
FM-3;Flama;minisat22;0.0009
FM-3;Flama;minisat22;0.0009
FM-3;Flama;minisat22;0.0009
FM-3;Flama;minisat22;0.0013
FM-3;Flama;minisat22;0.001
FM-3;Flama;minisat22;0.0009
FM-3;Flama;minisat22;0.0014
FM-3;Flama;minisat22;0.0011
FM-3;Flama;minisat22;0.0009
FM-3;Flama;minisat22;0.0009
FM-3;Flama;minisat22;0.001
FM-3;Flama;minisat22;0.0013
FM-3;Flama;minisat22;0.001
FM-3;Flama;minisat22;0.0009
FM-3;Flama;minisat22;0.001
FM-3;Flama;minisat22;0.0013
FM-3;Flama;minisat22;0.0011
FM-3;Flama;minisat22;0.0009
FM-3;Flama;minisat22;0.0009
FM-3;Flama;minisat22;0.0009
FM-3;Flama;minisat22;0.0013
Linux-2;Flama;glucose4;5.0425
Linux-2;Flama;glucose4;4.8477
Linux-2;Flama;glucose4;4.8201
Linux-2;Flama;glucose4;4.8304
Linux-2;Flama;glucose4;4.8246
Linux-2;Flama;glucose4;4.7725
Linux-2;Flama;glucose4;4.7757
Linux-2;Flama;glucose4;4.7844
Linux-2;Flama;glucose4;4.7705
Linux-2;Flama;glucose4;4.7723
Linux-2;Flama;glucose4;4.9445
Linux-2;Flama;glucose4;4.8005
Linux-2;Flama;glucose4;4.7648
Linux-2;Flama;glucose4;4.7573
Linux-2;Flama;glucose4;4.7961
Linux-2;Flama;glucose4;4.8138
Linux-2;Flama;glucose4;4.7853
Linux-2;Flama;glucose4;4.8435
Linux-2;Flama;glucose4;4.8224
Linux-2;Flama;glucose4;4.784
Linux-2;Flama;glucose4;4.7758
Linux-2;Flama;glucose4;4.8201
Linux-2;Flama;glucose4;4.7747
Linux-2;Flama;glucose4;4.7993
Linux-2;Flama;glucose4;4.7564
Linux-2;Flama;glucose4;4.8386
Linux-2;Flama;glucose4;4.8002
Linux-2;Flama;glucose4;4.7736
Linux-2;Flama;glucose4;4.9077
Linux-2;Flama;glucose4;4.9008
Linux-2;Flama;glucose4;4.7744
Linux-2;Flama;glucose4;4.7921
Linux-2;Flama;glucose4;4.8246
Linux-2;Flama;glucose4;4.943
Linux-2;Flama;glucose4;4.8182
Linux-2;Flama;glucose4;4.7749
Linux-2;Flama;glucose4;4.8353
Linux-2;Flama;glucose4;4.8595
Linux-2;Flama;glucose4;4.7946
Linux-2;Flama;glucose4;4.7784
Linux-2;Flama;glucose4;4.9015
Linux-2;Flama;glucose4;4.9297
Linux-2;Flama;glucose4;4.7952
Linux-2;Flama;glucose4;4.7674
Linux-2;Flama;glucose4;4.7388
Linux-2;Flama;glucose4;4.7355
Linux-2;Flama;glucose4;4.8166
Linux-2;Flama;glucose4;4.7583
Linux-2;Flama;glucose4;4.7565
Linux-2;Flama;glucose4;4.7297
Linux-2;Flama;glucose4;4.7418
Linux-2;Flama;glucose4;4.8203
Linux-2;Flama;glucose4;4.8305
Linux-2;Flama;glucose4;4.7621
Linux-2;Flama;glucose4;4.7411
Linux-2;Flama;glucose4;4.9744
Linux-2;Flama;glucose4;4.787
Linux-2;Flama;glucose4;4.7993
Linux-2;Flama;glucose4;4.7444
Linux-2;Flama;glucose4;4.7971
Linux-2;Flama;glucose4;4.8242
Linux-2;Flama;glucose4;4.9944
Linux-2;Flama;glucose4;4.7509
Linux-2;Flama;glucose4;4.8171
Linux-2;Flama;glucose4;4.7614
Linux-2;Flama;glucose4;4.7433
Linux-2;Flama;glucose4;4.8541
Linux-2;Flama;glucose4;4.7424
Linux-2;Flama;glucose4;4.7633
Linux-2;Flama;glucose4;4.9521
Linux-2;Flama;glucose4;4.8286
Linux-2;Flama;glucose4;4.742
Linux-2;Flama;glucose4;4.813
Linux-2;Flama;glucose4;4.8155
Linux-2;Flama;glucose4;4.7394
Linux-2;Flama;glucose4;4.8484
Linux-2;Flama;glucose4;4.8043
Linux-2;Flama;glucose4;4.8767
Linux-2;Flama;glucose4;4.8779
Linux-2;Flama;glucose4;4.8352
Linux-2;Flama;glucose4;4.7623
Linux-2;Flama;glucose4;5.037
Linux-2;Flama;glucose4;4.748
Linux-2;Flama;glucose4;4.7607
Linux-2;Flama;glucose4;4.7582
Linux-2;Flama;glucose4;4.7677
Linux-2;Flama;glucose4;4.7643
Linux-2;Flama;glucose4;4.7441
Linux-2;Flama;glucose4;4.7657
Linux-2;Flama;glucose4;4.7516
Linux-2;Flama;glucose4;4.7535
Linux-2;Flama;glucose4;4.7534
Linux-2;Flama;glucose4;4.822
Linux-2;Flama;glucose4;4.7491
Linux-2;Flama;glucose4;4.7471
Linux-2;Flama;glucose4;4.7467
Linux-2;Flama;glucose4;4.7645
Linux-2;Flama;glucose4;4.7462
Linux-2;Flama;glucose4;4.7437
Linux-2;Flama;glucose4;4.7772
Linux-2;Flama;lingeling;35.3802
Linux-2;Flama;lingeling;35.4766
Linux-2;Flama;lingeling;35.3237
Linux-2;Flama;lingeling;35.1633
Linux-2;Flama;lingeling;35.1192
Linux-2;Flama;lingeling;35.2274
Linux-2;Flama;lingeling;35.1384
Linux-2;Flama;lingeling;35.3219
Linux-2;Flama;lingeling;35.1966
Linux-2;Flama;lingeling;35.1223
Linux-2;Flama;lingeling;35.1908
Linux-2;Flama;lingeling;35.4113
Linux-2;Flama;lingeling;35.0774
Linux-2;Flama;lingeling;35.1674
Linux-2;Flama;lingeling;35.3534
Linux-2;Flama;lingeling;35.3614
Linux-2;Flama;lingeling;35.0878
Linux-2;Flama;lingeling;35.4572
Linux-2;Flama;lingeling;35.3051
Linux-2;Flama;lingeling;35.391
Linux-2;Flama;lingeling;35.2309
Linux-2;Flama;lingeling;35.1921
Linux-2;Flama;lingeling;35.7203
Linux-2;Flama;lingeling;35.1226
Linux-2;Flama;lingeling;35.2271
Linux-2;Flama;lingeling;35.1829
Linux-2;Flama;lingeling;35.1368
Linux-2;Flama;lingeling;35.3736
Linux-2;Flama;lingeling;35.1698
Linux-2;Flama;lingeling;35.3843
Linux-2;Flama;lingeling;35.5032
Linux-2;Flama;lingeling;36.1488
Linux-2;Flama;lingeling;35.579
Linux-2;Flama;lingeling;35.2919
Linux-2;Flama;lingeling;35.3451
Linux-2;Flama;lingeling;35.1473
Linux-2;Flama;lingeling;35.1522
Linux-2;Flama;lingeling;35.2344
Linux-2;Flama;lingeling;35.3326
Linux-2;Flama;lingeling;35.3238
Linux-2;Flama;lingeling;35.3527
Linux-2;Flama;lingeling;35.4364
Linux-2;Flama;lingeling;35.1529
Linux-2;Flama;lingeling;35.2352
Linux-2;Flama;lingeling;35.2188
Linux-2;Flama;lingeling;35.5789
Linux-2;Flama;lingeling;35.4806
Linux-2;Flama;lingeling;35.3984
Linux-2;Flama;lingeling;35.2944
Linux-2;Flama;lingeling;35.0377
Linux-2;Flama;lingeling;35.2567
Linux-2;Flama;lingeling;35.1617
Linux-2;Flama;lingeling;35.2171
Linux-2;Flama;lingeling;35.3068
Linux-2;Flama;lingeling;35.4581
Linux-2;Flama;lingeling;35.9581
Linux-2;Flama;lingeling;35.1901
Linux-2;Flama;lingeling;35.3008
Linux-2;Flama;lingeling;35.262
Linux-2;Flama;lingeling;35.8441
Linux-2;Flama;lingeling;35.1332
Linux-2;Flama;lingeling;35.2463
Linux-2;Flama;lingeling;35.3171
Linux-2;Flama;lingeling;35.2957
Linux-2;Flama;lingeling;35.2585
Linux-2;Flama;lingeling;35.2049
Linux-2;Flama;lingeling;35.3712
Linux-2;Flama;lingeling;36.2289
Linux-2;Flama;lingeling;35.1755
Linux-2;Flama;lingeling;35.2779
Linux-2;Flama;lingeling;35.2463
Linux-2;Flama;lingeling;35.8328
Linux-2;Flama;lingeling;35.1726
Linux-2;Flama;lingeling;35.4368
Linux-2;Flama;lingeling;35.3852
Linux-2;Flama;lingeling;35.3601
Linux-2;Flama;lingeling;34.9901
Linux-2;Flama;lingeling;35.2715
Linux-2;Flama;lingeling;35.2326
Linux-2;Flama;lingeling;35.2991
Linux-2;Flama;lingeling;35.2077
Linux-2;Flama;lingeling;35.5576
Linux-2;Flama;lingeling;35.0919
Linux-2;Flama;lingeling;35.8318
Linux-2;Flama;lingeling;35.5561
Linux-2;Flama;lingeling;35.3679
Linux-2;Flama;lingeling;35.9204
Linux-2;Flama;lingeling;35.2408
Linux-2;Flama;lingeling;35.0641
Linux-2;Flama;lingeling;36.2208
Linux-2;Flama;lingeling;35.2265
Linux-2;Flama;lingeling;35.326
Linux-2;Flama;lingeling;35.4806
Linux-2;Flama;lingeling;35.2059
Linux-2;Flama;lingeling;35.2747
Linux-2;Flama;lingeling;35.1825
Linux-2;Flama;lingeling;35.2597
Linux-2;Flama;lingeling;35.705
Linux-2;Flama;lingeling;35.3593
Linux-2;Flama;lingeling;35.3858
Linux-2;Flama;minisat22;4.3658
Linux-2;Flama;minisat22;4.3637
Linux-2;Flama;minisat22;4.3438
Linux-2;Flama;minisat22;4.4103
Linux-2;Flama;minisat22;4.3752
Linux-2;Flama;minisat22;4.4502
Linux-2;Flama;minisat22;4.3555
Linux-2;Flama;minisat22;4.3642
Linux-2;Flama;minisat22;4.3599
Linux-2;Flama;minisat22;4.363
Linux-2;Flama;minisat22;4.3615
Linux-2;Flama;minisat22;4.406
Linux-2;Flama;minisat22;4.3657
Linux-2;Flama;minisat22;4.3437
Linux-2;Flama;minisat22;4.3769
Linux-2;Flama;minisat22;4.4301
Linux-2;Flama;minisat22;4.3582
Linux-2;Flama;minisat22;4.4114
Linux-2;Flama;minisat22;4.3614
Linux-2;Flama;minisat22;4.3525
Linux-2;Flama;minisat22;4.4309
Linux-2;Flama;minisat22;4.3809
Linux-2;Flama;minisat22;4.3787
Linux-2;Flama;minisat22;4.3535
Linux-2;Flama;minisat22;4.3408
Linux-2;Flama;minisat22;4.3666
Linux-2;Flama;minisat22;4.3612
Linux-2;Flama;minisat22;4.373
Linux-2;Flama;minisat22;4.354
Linux-2;Flama;minisat22;4.4526
Linux-2;Flama;minisat22;4.3491
Linux-2;Flama;minisat22;4.3572
Linux-2;Flama;minisat22;4.3556
Linux-2;Flama;minisat22;4.4029
Linux-2;Flama;minisat22;4.3626
Linux-2;Flama;minisat22;4.3559
Linux-2;Flama;minisat22;4.3459
Linux-2;Flama;minisat22;4.3736
Linux-2;Flama;minisat22;4.3616
Linux-2;Flama;minisat22;4.3655
Linux-2;Flama;minisat22;4.4102
Linux-2;Flama;minisat22;4.3398
Linux-2;Flama;minisat22;4.3697
Linux-2;Flama;minisat22;4.3917
Linux-2;Flama;minisat22;4.3396
Linux-2;Flama;minisat22;4.3684
Linux-2;Flama;minisat22;4.3501
Linux-2;Flama;minisat22;4.3722
Linux-2;Flama;minisat22;4.3701
Linux-2;Flama;minisat22;4.3509
Linux-2;Flama;minisat22;4.396
Linux-2;Flama;minisat22;4.3547
Linux-2;Flama;minisat22;4.3754
Linux-2;Flama;minisat22;4.399
Linux-2;Flama;minisat22;4.6344
Linux-2;Flama;minisat22;4.3441
Linux-2;Flama;minisat22;4.3423
Linux-2;Flama;minisat22;4.3551
Linux-2;Flama;minisat22;4.3704
Linux-2;Flama;minisat22;4.3804
Linux-2;Flama;minisat22;4.3646
Linux-2;Flama;minisat22;4.4243
Linux-2;Flama;minisat22;4.4223
Linux-2;Flama;minisat22;4.4325
Linux-2;Flama;minisat22;4.3689
Linux-2;Flama;minisat22;4.371
Linux-2;Flama;minisat22;4.445
Linux-2;Flama;minisat22;4.414
Linux-2;Flama;minisat22;4.3499
Linux-2;Flama;minisat22;4.3517
Linux-2;Flama;minisat22;4.3606
Linux-2;Flama;minisat22;4.3384
Linux-2;Flama;minisat22;4.4386
Linux-2;Flama;minisat22;4.3806
Linux-2;Flama;minisat22;4.3309
Linux-2;Flama;minisat22;4.4092
Linux-2;Flama;minisat22;4.3584
Linux-2;Flama;minisat22;4.3725
Linux-2;Flama;minisat22;4.3753
Linux-2;Flama;minisat22;4.4701
Linux-2;Flama;minisat22;4.4072
Linux-2;Flama;minisat22;4.3871
Linux-2;Flama;minisat22;4.3529
Linux-2;Flama;minisat22;4.3544
Linux-2;Flama;minisat22;4.3657
Linux-2;Flama;minisat22;4.3454
Linux-2;Flama;minisat22;4.3687
Linux-2;Flama;minisat22;4.3548
Linux-2;Flama;minisat22;4.354
Linux-2;Flama;minisat22;4.3613
Linux-2;Flama;minisat22;4.3833
Linux-2;Flama;minisat22;4.3523
Linux-2;Flama;minisat22;4.4614
Linux-2;Flama;minisat22;4.3686
Linux-2;Flama;minisat22;4.3444
Linux-2;Flama;minisat22;4.366
Linux-2;Flama;minisat22;4.4072
Linux-2;Flama;minisat22;4.3512
Linux-2;Flama;minisat22;4.4113
Linux-2;Flama;minisat22;4.3386
Truck;Flama;glucose4;0.0012
Truck;Flama;glucose4;0.0007
Truck;Flama;glucose4;0.0008
Truck;Flama;glucose4;0.0007
Truck;Flama;glucose4;0.0007
Truck;Flama;glucose4;0.001
Truck;Flama;glucose4;0.0007
Truck;Flama;glucose4;0.001
Truck;Flama;glucose4;0.0007
Truck;Flama;glucose4;0.0008
Truck;Flama;glucose4;0.0007
Truck;Flama;glucose4;0.0007
Truck;Flama;glucose4;0.0008
Truck;Flama;glucose4;0.001
Truck;Flama;glucose4;0.0008
Truck;Flama;glucose4;0.0007
Truck;Flama;glucose4;0.0007
Truck;Flama;glucose4;0.0007
Truck;Flama;glucose4;0.0009
Truck;Flama;glucose4;0.0007
Truck;Flama;glucose4;0.0007
Truck;Flama;glucose4;0.0011
Truck;Flama;glucose4;0.0008
Truck;Flama;glucose4;0.0008
Truck;Flama;glucose4;0.0007
Truck;Flama;glucose4;0.0007
Truck;Flama;glucose4;0.001
Truck;Flama;glucose4;0.0007
Truck;Flama;glucose4;0.0007
Truck;Flama;glucose4;0.0007
Truck;Flama;glucose4;0.0009
Truck;Flama;glucose4;0.0007
Truck;Flama;glucose4;0.0007
Truck;Flama;glucose4;0.001
Truck;Flama;glucose4;0.0008
Truck;Flama;glucose4;0.0007
Truck;Flama;glucose4;0.0007
Truck;Flama;glucose4;0.0011
Truck;Flama;glucose4;0.0008
Truck;Flama;glucose4;0.0007
Truck;Flama;glucose4;0.0007
Truck;Flama;glucose4;0.0007
Truck;Flama;glucose4;0.0008
Truck;Flama;glucose4;0.0007
Truck;Flama;glucose4;0.0008
Truck;Flama;glucose4;0.0008
Truck;Flama;glucose4;0.0009
Truck;Flama;glucose4;0.0007
Truck;Flama;glucose4;0.0007
Truck;Flama;glucose4;0.0013
Truck;Flama;glucose4;0.0009
Truck;Flama;glucose4;0.0007
Truck;Flama;glucose4;0.0007
Truck;Flama;glucose4;0.001
Truck;Flama;glucose4;0.0007
Truck;Flama;glucose4;0.0009
Truck;Flama;glucose4;0.0007
Truck;Flama;glucose4;0.0007
Truck;Flama;glucose4;0.0007
Truck;Flama;glucose4;0.0011
Truck;Flama;glucose4;0.0008
Truck;Flama;glucose4;0.0008
Truck;Flama;glucose4;0.0007
Truck;Flama;glucose4;0.0007
Truck;Flama;glucose4;0.001
Truck;Flama;glucose4;0.0008
Truck;Flama;glucose4;0.0008
Truck;Flama;glucose4;0.0008
Truck;Flama;glucose4;0.0008
Truck;Flama;glucose4;0.0007
Truck;Flama;glucose4;0.0008
Truck;Flama;glucose4;0.0007
Truck;Flama;glucose4;0.0011
Truck;Flama;glucose4;0.0008
Truck;Flama;glucose4;0.0007
Truck;Flama;glucose4;0.0007
Truck;Flama;glucose4;0.0007
Truck;Flama;glucose4;0.0011
Truck;Flama;glucose4;0.0012
Truck;Flama;glucose4;0.0007
Truck;Flama;glucose4;0.0008
Truck;Flama;glucose4;0.0007
Truck;Flama;glucose4;0.0009
Truck;Flama;glucose4;0.0008
Truck;Flama;glucose4;0.0008
Truck;Flama;glucose4;0.001
Truck;Flama;glucose4;0.0007
Truck;Flama;glucose4;0.0008
Truck;Flama;glucose4;0.0007
Truck;Flama;glucose4;0.0009
Truck;Flama;glucose4;0.0007
Truck;Flama;glucose4;0.0007
Truck;Flama;glucose4;0.0008
Truck;Flama;glucose4;0.001
Truck;Flama;glucose4;0.0008
Truck;Flama;glucose4;0.0007
Truck;Flama;glucose4;0.0009
Truck;Flama;glucose4;0.0008
Truck;Flama;glucose4;0.0007
Truck;Flama;glucose4;0.0008
Truck;Flama;lingeling;0.0021
Truck;Flama;lingeling;0.0027
Truck;Flama;lingeling;0.0021
Truck;Flama;lingeling;0.0021
Truck;Flama;lingeling;0.0031
Truck;Flama;lingeling;0.0022
Truck;Flama;lingeling;0.0021
Truck;Flama;lingeling;0.0021
Truck;Flama;lingeling;0.003
Truck;Flama;lingeling;0.0022
Truck;Flama;lingeling;0.0021
Truck;Flama;lingeling;0.0022
Truck;Flama;lingeling;0.0028
Truck;Flama;lingeling;0.0021
Truck;Flama;lingeling;0.0022
Truck;Flama;lingeling;0.0028
Truck;Flama;lingeling;0.0021
Truck;Flama;lingeling;0.0022
Truck;Flama;lingeling;0.0021
Truck;Flama;lingeling;0.0027
Truck;Flama;lingeling;0.0021
Truck;Flama;lingeling;0.0022
Truck;Flama;lingeling;0.0022
Truck;Flama;lingeling;0.0021
Truck;Flama;lingeling;0.0026
Truck;Flama;lingeling;0.0021
Truck;Flama;lingeling;0.0022
Truck;Flama;lingeling;0.0021
Truck;Flama;lingeling;0.0026
Truck;Flama;lingeling;0.0021
Truck;Flama;lingeling;0.0022
Truck;Flama;lingeling;0.0022
Truck;Flama;lingeling;0.0021
Truck;Flama;lingeling;0.0032
Truck;Flama;lingeling;0.0023
Truck;Flama;lingeling;0.0022
Truck;Flama;lingeling;0.0021
Truck;Flama;lingeling;0.0022
Truck;Flama;lingeling;0.003
Truck;Flama;lingeling;0.0022
Truck;Flama;lingeling;0.0022
Truck;Flama;lingeling;0.0028
Truck;Flama;lingeling;0.0024
Truck;Flama;lingeling;0.0021
Truck;Flama;lingeling;0.0021
Truck;Flama;lingeling;0.0021
Truck;Flama;lingeling;0.0028
Truck;Flama;lingeling;0.0022
Truck;Flama;lingeling;0.0021
Truck;Flama;lingeling;0.0021
Truck;Flama;lingeling;0.003
Truck;Flama;lingeling;0.0022
Truck;Flama;lingeling;0.0021
Truck;Flama;lingeling;0.0032
Truck;Flama;lingeling;0.0026
Truck;Flama;lingeling;0.0022
Truck;Flama;lingeling;0.0021
Truck;Flama;lingeling;0.0021
Truck;Flama;lingeling;0.0022
Truck;Flama;lingeling;0.003
Truck;Flama;lingeling;0.0022
Truck;Flama;lingeling;0.0021
Truck;Flama;lingeling;0.0021
Truck;Flama;lingeling;0.0028
Truck;Flama;lingeling;0.0021
Truck;Flama;lingeling;0.0021
Truck;Flama;lingeling;0.0022
Truck;Flama;lingeling;0.0027
Truck;Flama;lingeling;0.0022
Truck;Flama;lingeling;0.0021
Truck;Flama;lingeling;0.0022
Truck;Flama;lingeling;0.0021
Truck;Flama;lingeling;0.0028
Truck;Flama;lingeling;0.0021
Truck;Flama;lingeling;0.0021
Truck;Flama;lingeling;0.0028
Truck;Flama;lingeling;0.0021
Truck;Flama;lingeling;0.0022
Truck;Flama;lingeling;0.0027
Truck;Flama;lingeling;0.0021
Truck;Flama;lingeling;0.0022
Truck;Flama;lingeling;0.0021
Truck;Flama;lingeling;0.0021
Truck;Flama;lingeling;0.0027
Truck;Flama;lingeling;0.0021
Truck;Flama;lingeling;0.0021
Truck;Flama;lingeling;0.0022
Truck;Flama;lingeling;0.0021
Truck;Flama;lingeling;0.0021
Truck;Flama;lingeling;0.0021
Truck;Flama;lingeling;0.0022
Truck;Flama;lingeling;0.0022
Truck;Flama;lingeling;0.003
Truck;Flama;lingeling;0.0025
Truck;Flama;lingeling;0.0021
Truck;Flama;lingeling;0.0021
Truck;Flama;lingeling;0.0028
Truck;Flama;lingeling;0.003
Truck;Flama;lingeling;0.0021
Truck;Flama;lingeling;0.0021
Truck;Flama;minisat22;0.0008
Truck;Flama;minisat22;0.0006
Truck;Flama;minisat22;0.0006
Truck;Flama;minisat22;0.0006
Truck;Flama;minisat22;0.0008
Truck;Flama;minisat22;0.0006
Truck;Flama;minisat22;0.0006
Truck;Flama;minisat22;0.0006
Truck;Flama;minisat22;0.0007
Truck;Flama;minisat22;0.0006
Truck;Flama;minisat22;0.0008
Truck;Flama;minisat22;0.0006
Truck;Flama;minisat22;0.0007
Truck;Flama;minisat22;0.0006
Truck;Flama;minisat22;0.0006
Truck;Flama;minisat22;0.0008
Truck;Flama;minisat22;0.0006
Truck;Flama;minisat22;0.0006
Truck;Flama;minisat22;0.0005
Truck;Flama;minisat22;0.0008
Truck;Flama;minisat22;0.0006
Truck;Flama;minisat22;0.0006
Truck;Flama;minisat22;0.0006
Truck;Flama;minisat22;0.0007
Truck;Flama;minisat22;0.0007
Truck;Flama;minisat22;0.0006
Truck;Flama;minisat22;0.0006
Truck;Flama;minisat22;0.0006
Truck;Flama;minisat22;0.0007
Truck;Flama;minisat22;0.0006
Truck;Flama;minisat22;0.0006
Truck;Flama;minisat22;0.0006
Truck;Flama;minisat22;0.0008
Truck;Flama;minisat22;0.0006
Truck;Flama;minisat22;0.0006
Truck;Flama;minisat22;0.0008
Truck;Flama;minisat22;0.0007
Truck;Flama;minisat22;0.0006
Truck;Flama;minisat22;0.0006
Truck;Flama;minisat22;0.0006
Truck;Flama;minisat22;0.0006
Truck;Flama;minisat22;0.0006
Truck;Flama;minisat22;0.0007
Truck;Flama;minisat22;0.0005
Truck;Flama;minisat22;0.0005
Truck;Flama;minisat22;0.0006
Truck;Flama;minisat22;0.0008
Truck;Flama;minisat22;0.0006
Truck;Flama;minisat22;0.0006
Truck;Flama;minisat22;0.0008
Truck;Flama;minisat22;0.0006
Truck;Flama;minisat22;0.0005
Truck;Flama;minisat22;0.0006
Truck;Flama;minisat22;0.0007
Truck;Flama;minisat22;0.0006
Truck;Flama;minisat22;0.0007
Truck;Flama;minisat22;0.0006
Truck;Flama;minisat22;0.0006
Truck;Flama;minisat22;0.0007
Truck;Flama;minisat22;0.0007
Truck;Flama;minisat22;0.0006
Truck;Flama;minisat22;0.0007
Truck;Flama;minisat22;0.0008
Truck;Flama;minisat22;0.0006
Truck;Flama;minisat22;0.0006
Truck;Flama;minisat22;0.0006
Truck;Flama;minisat22;0.0006
Truck;Flama;minisat22;0.0008
Truck;Flama;minisat22;0.0006
Truck;Flama;minisat22;0.0006
Truck;Flama;minisat22;0.0008
Truck;Flama;minisat22;0.0007
Truck;Flama;minisat22;0.0006
Truck;Flama;minisat22;0.0006
Truck;Flama;minisat22;0.0008
Truck;Flama;minisat22;0.0006
Truck;Flama;minisat22;0.0006
Truck;Flama;minisat22;0.0006
Truck;Flama;minisat22;0.0006
Truck;Flama;minisat22;0.0007
Truck;Flama;minisat22;0.0006
Truck;Flama;minisat22;0.0006
Truck;Flama;minisat22;0.0008
Truck;Flama;minisat22;0.0006
Truck;Flama;minisat22;0.0006
Truck;Flama;minisat22;0.0006
Truck;Flama;minisat22;0.0005
Truck;Flama;minisat22;0.0006
Truck;Flama;minisat22;0.001
Truck;Flama;minisat22;0.0007
Truck;Flama;minisat22;0.0006
Truck;Flama;minisat22;0.0006
Truck;Flama;minisat22;0.0006
Truck;Flama;minisat22;0.0007
Truck;Flama;minisat22;0.0006
Truck;Flama;minisat22;0.0008
Truck;Flama;minisat22;0.0013
Truck;Flama;minisat22;0.0006
Truck;Flama;minisat22;0.0006
Truck;Flama;minisat22;0.0005
Truck;FeatureIDE;Sat4j;0.112757409
Truck;FeatureIDE;Sat4j;0.093276352
Truck;FeatureIDE;Sat4j;0.091111905
Truck;FeatureIDE;Sat4j;0.091618976
Truck;FeatureIDE;Sat4j;0.103364684
Truck;FeatureIDE;Sat4j;0.093635683
Truck;FeatureIDE;Sat4j;0.103113877
Truck;FeatureIDE;Sat4j;0.091557601
Truck;FeatureIDE;Sat4j;0.091594455
Truck;FeatureIDE;Sat4j;0.105375641
Truck;FeatureIDE;Sat4j;0.103893214
Truck;FeatureIDE;Sat4j;0.114313149
Truck;FeatureIDE;Sat4j;0.097723872
Truck;FeatureIDE;Sat4j;0.099737622
Truck;FeatureIDE;Sat4j;0.091652018
Truck;FeatureIDE;Sat4j;0.092935041
Truck;FeatureIDE;Sat4j;0.0922875
Truck;FeatureIDE;Sat4j;0.093769526
Truck;FeatureIDE;Sat4j;0.094154475
Truck;FeatureIDE;Sat4j;0.12413883
Truck;FeatureIDE;Sat4j;0.104892222
Truck;FeatureIDE;Sat4j;0.113498288
Truck;FeatureIDE;Sat4j;0.102378922
Truck;FeatureIDE;Sat4j;0.092374144
Truck;FeatureIDE;Sat4j;0.102807906
Truck;FeatureIDE;Sat4j;0.119373389
Truck;FeatureIDE;Sat4j;0.092732187
Truck;FeatureIDE;Sat4j;0.101839094
Truck;FeatureIDE;Sat4j;0.102266469
Truck;FeatureIDE;Sat4j;0.106524952
Truck;FeatureIDE;Sat4j;0.09193021
Truck;FeatureIDE;Sat4j;0.09097793
Truck;FeatureIDE;Sat4j;0.095732166
Truck;FeatureIDE;Sat4j;0.102876555
Truck;FeatureIDE;Sat4j;0.106174668
Truck;FeatureIDE;Sat4j;0.092324322
Truck;FeatureIDE;Sat4j;0.101516032
Truck;FeatureIDE;Sat4j;0.089862868
Truck;FeatureIDE;Sat4j;0.087073585
Truck;FeatureIDE;Sat4j;0.113140945
Truck;FeatureIDE;Sat4j;0.09350284
Truck;FeatureIDE;Sat4j;0.119694073
Truck;FeatureIDE;Sat4j;0.091195083
Truck;FeatureIDE;Sat4j;0.089984737
Truck;FeatureIDE;Sat4j;0.07003583
Truck;FeatureIDE;Sat4j;0.074675242
Truck;FeatureIDE;Sat4j;0.077262223
Truck;FeatureIDE;Sat4j;0.103403711
Truck;FeatureIDE;Sat4j;0.089472142
Truck;FeatureIDE;Sat4j;0.089792285
Truck;FeatureIDE;Sat4j;0.102202787
Truck;FeatureIDE;Sat4j;0.101341472
Truck;FeatureIDE;Sat4j;0.100574152
Truck;FeatureIDE;Sat4j;0.106440113
Truck;FeatureIDE;Sat4j;0.094584781
Truck;FeatureIDE;Sat4j;0.099907841
Truck;FeatureIDE;Sat4j;0.094772961
Truck;FeatureIDE;Sat4j;0.092191959
Truck;FeatureIDE;Sat4j;0.101438324
Truck;FeatureIDE;Sat4j;0.090938681
Truck;FeatureIDE;Sat4j;0.090965984
Truck;FeatureIDE;Sat4j;0.100617738
Truck;FeatureIDE;Sat4j;0.090326807
Truck;FeatureIDE;Sat4j;0.114455089
Truck;FeatureIDE;Sat4j;0.092332596
Truck;FeatureIDE;Sat4j;0.090735011
Truck;FeatureIDE;Sat4j;0.108138842
Truck;FeatureIDE;Sat4j;0.104151366
Truck;FeatureIDE;Sat4j;0.092648408
Truck;FeatureIDE;Sat4j;0.105128358
Truck;FeatureIDE;Sat4j;0.10473554
Truck;FeatureIDE;Sat4j;0.109323999
Truck;FeatureIDE;Sat4j;0.09515893
Truck;FeatureIDE;Sat4j;0.092616492
Truck;FeatureIDE;Sat4j;0.10200519
Truck;FeatureIDE;Sat4j;0.09107133
Truck;FeatureIDE;Sat4j;0.093162421
Truck;FeatureIDE;Sat4j;0.102581943
Truck;FeatureIDE;Sat4j;0.104748765
Truck;FeatureIDE;Sat4j;0.092006258
Truck;FeatureIDE;Sat4j;0.0956264
Truck;FeatureIDE;Sat4j;0.100844106
Truck;FeatureIDE;Sat4j;0.110315235
Truck;FeatureIDE;Sat4j;0.091183198
Truck;FeatureIDE;Sat4j;0.108557828
Truck;FeatureIDE;Sat4j;0.10614508
Truck;FeatureIDE;Sat4j;0.09220672
Truck;FeatureIDE;Sat4j;0.090996691
Truck;FeatureIDE;Sat4j;0.104012742
Truck;FeatureIDE;Sat4j;0.103796825
Truck;FeatureIDE;Sat4j;0.094703154
Truck;FeatureIDE;Sat4j;0.0950697
Truck;FeatureIDE;Sat4j;0.113820201
Truck;FeatureIDE;Sat4j;0.118933153
Truck;FeatureIDE;Sat4j;0.101680993
Truck;FeatureIDE;Sat4j;0.090636897
Truck;FeatureIDE;Sat4j;0.119867591
Truck;FeatureIDE;Sat4j;0.093216466
Truck;FeatureIDE;Sat4j;0.102773945
Truck;FeatureIDE;Sat4j;0.104128498
ec555;Flama;glucose4;0.2503
ec555;Flama;glucose4;0.2466
ec555;Flama;glucose4;0.2292
ec555;Flama;glucose4;0.2231
ec555;Flama;glucose4;0.2254
ec555;Flama;glucose4;0.2408
ec555;Flama;glucose4;0.2239
ec555;Flama;glucose4;0.2291
ec555;Flama;glucose4;0.2283
ec555;Flama;glucose4;0.2278
ec555;Flama;glucose4;0.2337
ec555;Flama;glucose4;0.2475
ec555;Flama;glucose4;0.2242
ec555;Flama;glucose4;0.2262
ec555;Flama;glucose4;0.2344
ec555;Flama;glucose4;0.1802
ec555;Flama;glucose4;0.1562
ec555;Flama;glucose4;0.1631
ec555;Flama;glucose4;0.1751
ec555;Flama;glucose4;0.1511
ec555;Flama;glucose4;0.1664
ec555;Flama;glucose4;0.1536
ec555;Flama;glucose4;0.162
ec555;Flama;glucose4;0.2285
ec555;Flama;glucose4;0.2303
ec555;Flama;glucose4;0.1748
ec555;Flama;glucose4;0.1825
ec555;Flama;glucose4;0.1546
ec555;Flama;glucose4;0.2351
ec555;Flama;glucose4;0.2266
ec555;Flama;glucose4;0.2246
ec555;Flama;glucose4;0.2222
ec555;Flama;glucose4;0.2282
ec555;Flama;glucose4;0.2314
ec555;Flama;glucose4;0.2583
ec555;Flama;glucose4;0.2304
ec555;Flama;glucose4;0.2264
ec555;Flama;glucose4;0.171
ec555;Flama;glucose4;0.1517
ec555;Flama;glucose4;0.2304
ec555;Flama;glucose4;0.225
ec555;Flama;glucose4;0.2256
ec555;Flama;glucose4;0.2315
ec555;Flama;glucose4;0.1528
ec555;Flama;glucose4;0.1574
ec555;Flama;glucose4;0.2231
ec555;Flama;glucose4;0.2325
ec555;Flama;glucose4;0.2194
ec555;Flama;glucose4;0.2236
ec555;Flama;glucose4;0.2265
ec555;Flama;glucose4;0.2229
ec555;Flama;glucose4;0.2212
ec555;Flama;glucose4;0.177
ec555;Flama;glucose4;0.1588
ec555;Flama;glucose4;0.163
ec555;Flama;glucose4;0.1564
ec555;Flama;glucose4;0.1605
ec555;Flama;glucose4;0.2326
ec555;Flama;glucose4;0.1983
ec555;Flama;glucose4;0.2273
ec555;Flama;glucose4;0.1754
ec555;Flama;glucose4;0.2311
ec555;Flama;glucose4;0.1525
ec555;Flama;glucose4;0.2242
ec555;Flama;glucose4;0.233
ec555;Flama;glucose4;0.2265
ec555;Flama;glucose4;0.2343
ec555;Flama;glucose4;0.2248
ec555;Flama;glucose4;0.2228
ec555;Flama;glucose4;0.2402
ec555;Flama;glucose4;0.2225
ec555;Flama;glucose4;0.2298
ec555;Flama;glucose4;0.2248
ec555;Flama;glucose4;0.2238
ec555;Flama;glucose4;0.2208
ec555;Flama;glucose4;0.1709
ec555;Flama;glucose4;0.154
ec555;Flama;glucose4;0.1757
ec555;Flama;glucose4;0.1494
ec555;Flama;glucose4;0.1548
ec555;Flama;glucose4;0.2262
ec555;Flama;glucose4;0.1918
ec555;Flama;glucose4;0.1593
ec555;Flama;glucose4;0.1602
ec555;Flama;glucose4;0.2353
ec555;Flama;glucose4;0.2225
ec555;Flama;glucose4;0.2294
ec555;Flama;glucose4;0.2374
ec555;Flama;glucose4;0.2212
ec555;Flama;glucose4;0.2316
ec555;Flama;glucose4;0.2283
ec555;Flama;glucose4;0.2356
ec555;Flama;glucose4;0.2329
ec555;Flama;glucose4;0.2218
ec555;Flama;glucose4;0.2226
ec555;Flama;glucose4;0.2248
ec555;Flama;glucose4;0.1558
ec555;Flama;glucose4;0.2298
ec555;Flama;glucose4;0.1552
ec555;Flama;glucose4;0.2243
ec555;Flama;lingeling;1.3729
ec555;Flama;lingeling;1.3738
ec555;Flama;lingeling;1.4542
ec555;Flama;lingeling;1.4745
ec555;Flama;lingeling;1.2089
ec555;Flama;lingeling;1.2165
ec555;Flama;lingeling;1.189
ec555;Flama;lingeling;1.2051
ec555;Flama;lingeling;1.1898
ec555;Flama;lingeling;1.1999
ec555;Flama;lingeling;1.3535
ec555;Flama;lingeling;1.5324
ec555;Flama;lingeling;1.1869
ec555;Flama;lingeling;1.1946
ec555;Flama;lingeling;1.1935
ec555;Flama;lingeling;1.193
ec555;Flama;lingeling;1.1941
ec555;Flama;lingeling;1.4322
ec555;Flama;lingeling;1.1977
ec555;Flama;lingeling;1.192
ec555;Flama;lingeling;1.3509
ec555;Flama;lingeling;1.1888
ec555;Flama;lingeling;1.1899
ec555;Flama;lingeling;1.3511
ec555;Flama;lingeling;1.2904
ec555;Flama;lingeling;1.1903
ec555;Flama;lingeling;1.2009
ec555;Flama;lingeling;1.1883
ec555;Flama;lingeling;1.2046
ec555;Flama;lingeling;1.1863
ec555;Flama;lingeling;1.1943
ec555;Flama;lingeling;1.187
ec555;Flama;lingeling;1.1911
ec555;Flama;lingeling;1.3904
ec555;Flama;lingeling;1.1957
ec555;Flama;lingeling;1.1865
ec555;Flama;lingeling;1.1991
ec555;Flama;lingeling;1.1885
ec555;Flama;lingeling;1.1994
ec555;Flama;lingeling;1.193
ec555;Flama;lingeling;1.2
ec555;Flama;lingeling;1.1867
ec555;Flama;lingeling;1.1924
ec555;Flama;lingeling;1.185
ec555;Flama;lingeling;1.1919
ec555;Flama;lingeling;1.1902
ec555;Flama;lingeling;1.1963
ec555;Flama;lingeling;1.1841
ec555;Flama;lingeling;1.1964
ec555;Flama;lingeling;1.1888
ec555;Flama;lingeling;1.1982
ec555;Flama;lingeling;1.1887
ec555;Flama;lingeling;1.1976
ec555;Flama;lingeling;1.1892
ec555;Flama;lingeling;1.1932
ec555;Flama;lingeling;1.1852
ec555;Flama;lingeling;1.1925
ec555;Flama;lingeling;1.1887
ec555;Flama;lingeling;1.1948
ec555;Flama;lingeling;1.1932
ec555;Flama;lingeling;1.1939
ec555;Flama;lingeling;1.1998
ec555;Flama;lingeling;1.2037
ec555;Flama;lingeling;1.1884
ec555;Flama;lingeling;1.1925
ec555;Flama;lingeling;1.1951
ec555;Flama;lingeling;1.1936
ec555;Flama;lingeling;1.1921
ec555;Flama;lingeling;1.1895
ec555;Flama;lingeling;1.1942
ec555;Flama;lingeling;1.1905
ec555;Flama;lingeling;1.1941
ec555;Flama;lingeling;1.2002
ec555;Flama;lingeling;1.19
ec555;Flama;lingeling;1.1907
ec555;Flama;lingeling;1.1895
ec555;Flama;lingeling;1.19
ec555;Flama;lingeling;1.1955
ec555;Flama;lingeling;1.1939
ec555;Flama;lingeling;1.2011
ec555;Flama;lingeling;1.1997
ec555;Flama;lingeling;1.1945
ec555;Flama;lingeling;1.2735
ec555;Flama;lingeling;1.2603
ec555;Flama;lingeling;1.1976
ec555;Flama;lingeling;1.192
ec555;Flama;lingeling;1.1879
ec555;Flama;lingeling;1.1958
ec555;Flama;lingeling;1.2033
ec555;Flama;lingeling;1.185
ec555;Flama;lingeling;1.1878
ec555;Flama;lingeling;1.1932
ec555;Flama;lingeling;1.2394
ec555;Flama;lingeling;1.2771
ec555;Flama;lingeling;1.2067
ec555;Flama;lingeling;1.1999
ec555;Flama;lingeling;1.1886
ec555;Flama;lingeling;1.1926
ec555;Flama;lingeling;1.1851
ec555;Flama;lingeling;1.2044
ec555;Flama;minisat22;0.1581
ec555;Flama;minisat22;0.1618
ec555;Flama;minisat22;0.1532
ec555;Flama;minisat22;0.155
ec555;Flama;minisat22;0.2274
ec555;Flama;minisat22;0.2219
ec555;Flama;minisat22;0.2223
ec555;Flama;minisat22;0.2222
ec555;Flama;minisat22;0.22
ec555;Flama;minisat22;0.2511
ec555;Flama;minisat22;0.2256
ec555;Flama;minisat22;0.1513
ec555;Flama;minisat22;0.2404
ec555;Flama;minisat22;0.2265
ec555;Flama;minisat22;0.2213
ec555;Flama;minisat22;0.2355
ec555;Flama;minisat22;0.229
ec555;Flama;minisat22;0.2184
ec555;Flama;minisat22;0.2297
ec555;Flama;minisat22;0.234
ec555;Flama;minisat22;0.2245
ec555;Flama;minisat22;0.2208
ec555;Flama;minisat22;0.2297
ec555;Flama;minisat22;0.2251
ec555;Flama;minisat22;0.2255
ec555;Flama;minisat22;0.2221
ec555;Flama;minisat22;0.2212
ec555;Flama;minisat22;0.2205
ec555;Flama;minisat22;0.1766
ec555;Flama;minisat22;0.1566
ec555;Flama;minisat22;0.153
ec555;Flama;minisat22;0.1501
ec555;Flama;minisat22;0.1521
ec555;Flama;minisat22;0.2293
ec555;Flama;minisat22;0.2249
ec555;Flama;minisat22;0.2237
ec555;Flama;minisat22;0.2316
ec555;Flama;minisat22;0.2237
ec555;Flama;minisat22;0.226
ec555;Flama;minisat22;0.2255
ec555;Flama;minisat22;0.2228
ec555;Flama;minisat22;0.2172
ec555;Flama;minisat22;0.229
ec555;Flama;minisat22;0.2205
ec555;Flama;minisat22;0.2265
ec555;Flama;minisat22;0.2233
ec555;Flama;minisat22;0.17
ec555;Flama;minisat22;0.1541
ec555;Flama;minisat22;0.1715
ec555;Flama;minisat22;0.1525
ec555;Flama;minisat22;0.153
ec555;Flama;minisat22;0.2322
ec555;Flama;minisat22;0.2194
ec555;Flama;minisat22;0.2243
ec555;Flama;minisat22;0.2301
ec555;Flama;minisat22;0.2271
ec555;Flama;minisat22;0.2279
ec555;Flama;minisat22;0.2211
ec555;Flama;minisat22;0.2616
ec555;Flama;minisat22;0.1767
ec555;Flama;minisat22;0.1517
ec555;Flama;minisat22;0.2224
ec555;Flama;minisat22;0.2182
ec555;Flama;minisat22;0.2196
ec555;Flama;minisat22;0.1679
ec555;Flama;minisat22;0.1489
ec555;Flama;minisat22;0.1491
ec555;Flama;minisat22;0.1503
ec555;Flama;minisat22;0.2279
ec555;Flama;minisat22;0.2218
ec555;Flama;minisat22;0.224
ec555;Flama;minisat22;0.2289
ec555;Flama;minisat22;0.2225
ec555;Flama;minisat22;0.2198
ec555;Flama;minisat22;0.221
ec555;Flama;minisat22;0.2232
ec555;Flama;minisat22;0.2212
ec555;Flama;minisat22;0.2216
ec555;Flama;minisat22;0.17
ec555;Flama;minisat22;0.1538
ec555;Flama;minisat22;0.2294
ec555;Flama;minisat22;0.2204
ec555;Flama;minisat22;0.1677
ec555;Flama;minisat22;0.151
ec555;Flama;minisat22;0.15
ec555;Flama;minisat22;0.1559
ec555;Flama;minisat22;0.2251
ec555;Flama;minisat22;0.1872
ec555;Flama;minisat22;0.1539
ec555;Flama;minisat22;0.1531
ec555;Flama;minisat22;0.1531
ec555;Flama;minisat22;0.1504
ec555;Flama;minisat22;0.2304
ec555;Flama;minisat22;0.2222
ec555;Flama;minisat22;0.2261
ec555;Flama;minisat22;0.2293
ec555;Flama;minisat22;0.2241
ec555;Flama;minisat22;0.225
ec555;Flama;minisat22;0.2208
ec555;Flama;minisat22;0.2288
ec555;FeatureIDE;Sat4j;0.234746751
ec555;FeatureIDE;Sat4j;0.282615611
ec555;FeatureIDE;Sat4j;0.194802528
ec555;FeatureIDE;Sat4j;0.218491945
ec555;FeatureIDE;Sat4j;0.196288847
ec555;FeatureIDE;Sat4j;0.196647271
ec555;FeatureIDE;Sat4j;0.270243632
ec555;FeatureIDE;Sat4j;0.189409697
ec555;FeatureIDE;Sat4j;0.19512181
ec555;FeatureIDE;Sat4j;0.207400673
ec555;FeatureIDE;Sat4j;0.25030383
ec555;FeatureIDE;Sat4j;0.203354905
ec555;FeatureIDE;Sat4j;0.174947626
ec555;FeatureIDE;Sat4j;0.192336854
ec555;FeatureIDE;Sat4j;0.19271297
ec555;FeatureIDE;Sat4j;0.206351129
ec555;FeatureIDE;Sat4j;0.193380494
ec555;FeatureIDE;Sat4j;0.213709666
ec555;FeatureIDE;Sat4j;0.192413579
ec555;FeatureIDE;Sat4j;0.197392565
ec555;FeatureIDE;Sat4j;0.208662099
ec555;FeatureIDE;Sat4j;0.198065242
ec555;FeatureIDE;Sat4j;0.173398857
ec555;FeatureIDE;Sat4j;0.167830874
ec555;FeatureIDE;Sat4j;0.196623881
ec555;FeatureIDE;Sat4j;0.168672516
ec555;FeatureIDE;Sat4j;0.195329318
ec555;FeatureIDE;Sat4j;0.192165034
ec555;FeatureIDE;Sat4j;0.244583385
ec555;FeatureIDE;Sat4j;0.212303381
ec555;FeatureIDE;Sat4j;0.22554927
ec555;FeatureIDE;Sat4j;0.194816769
ec555;FeatureIDE;Sat4j;0.215969018
ec555;FeatureIDE;Sat4j;0.204290898
ec555;FeatureIDE;Sat4j;0.196495228
ec555;FeatureIDE;Sat4j;0.198311957
ec555;FeatureIDE;Sat4j;0.200153599
ec555;FeatureIDE;Sat4j;0.194689437
ec555;FeatureIDE;Sat4j;0.168316916
ec555;FeatureIDE;Sat4j;0.173206109
ec555;FeatureIDE;Sat4j;0.194488608
ec555;FeatureIDE;Sat4j;0.196177392
ec555;FeatureIDE;Sat4j;0.254279185
ec555;FeatureIDE;Sat4j;0.192778247
ec555;FeatureIDE;Sat4j;0.19459056
ec555;FeatureIDE;Sat4j;0.194150526
ec555;FeatureIDE;Sat4j;0.193910112
ec555;FeatureIDE;Sat4j;0.194067428
ec555;FeatureIDE;Sat4j;0.213690392
ec555;FeatureIDE;Sat4j;0.198840552
ec555;FeatureIDE;Sat4j;0.191155813
ec555;FeatureIDE;Sat4j;0.206725546
ec555;FeatureIDE;Sat4j;0.210121277
ec555;FeatureIDE;Sat4j;0.194901671
ec555;FeatureIDE;Sat4j;0.215107828
ec555;FeatureIDE;Sat4j;0.1987413
ec555;FeatureIDE;Sat4j;0.226541779
ec555;FeatureIDE;Sat4j;0.192031265
ec555;FeatureIDE;Sat4j;0.195587206
ec555;FeatureIDE;Sat4j;0.198666635
ec555;FeatureIDE;Sat4j;0.207676571
ec555;FeatureIDE;Sat4j;0.207663078
ec555;FeatureIDE;Sat4j;0.211556023
ec555;FeatureIDE;Sat4j;0.195003181
ec555;FeatureIDE;Sat4j;0.196398819
ec555;FeatureIDE;Sat4j;0.209543448
ec555;FeatureIDE;Sat4j;0.224817222
ec555;FeatureIDE;Sat4j;0.198630803
ec555;FeatureIDE;Sat4j;0.239363588
ec555;FeatureIDE;Sat4j;0.19484553
ec555;FeatureIDE;Sat4j;0.219698416
ec555;FeatureIDE;Sat4j;0.207376371
ec555;FeatureIDE;Sat4j;0.193778282
ec555;FeatureIDE;Sat4j;0.200211633
ec555;FeatureIDE;Sat4j;0.223845901
ec555;FeatureIDE;Sat4j;0.259175946
ec555;FeatureIDE;Sat4j;0.258624947
ec555;FeatureIDE;Sat4j;0.203380068
ec555;FeatureIDE;Sat4j;0.192884069
ec555;FeatureIDE;Sat4j;0.215721286
ec555;FeatureIDE;Sat4j;0.164695247
ec555;FeatureIDE;Sat4j;0.193548367
ec555;FeatureIDE;Sat4j;0.204612674
ec555;FeatureIDE;Sat4j;0.194258926
ec555;FeatureIDE;Sat4j;0.195523967
ec555;FeatureIDE;Sat4j;0.203016423
ec555;FeatureIDE;Sat4j;0.19671672
ec555;FeatureIDE;Sat4j;0.189753635
ec555;FeatureIDE;Sat4j;0.257772656
ec555;FeatureIDE;Sat4j;0.210993632
ec555;FeatureIDE;Sat4j;0.271077769
ec555;FeatureIDE;Sat4j;0.198605157
ec555;FeatureIDE;Sat4j;0.206578334
ec555;FeatureIDE;Sat4j;0.194892727
ec555;FeatureIDE;Sat4j;0.202420569
ec555;FeatureIDE;Sat4j;0.261976268
ec555;FeatureIDE;Sat4j;0.196464657
ec555;FeatureIDE;Sat4j;0.208051065
ec555;FeatureIDE;Sat4j;0.208733343
ec555;FeatureIDE;Sat4j;0.20985769
eurobot-base;Flama;glucose4;0.0056
eurobot-base;Flama;glucose4;0.0037
eurobot-base;Flama;glucose4;0.0037
eurobot-base;Flama;glucose4;0.0038
eurobot-base;Flama;glucose4;0.0049
eurobot-base;Flama;glucose4;0.0042
eurobot-base;Flama;glucose4;0.0037
eurobot-base;Flama;glucose4;0.0038
eurobot-base;Flama;glucose4;0.0037
eurobot-base;Flama;glucose4;0.0055
eurobot-base;Flama;glucose4;0.0043
eurobot-base;Flama;glucose4;0.0037
eurobot-base;Flama;glucose4;0.0037
eurobot-base;Flama;glucose4;0.0037
eurobot-base;Flama;glucose4;0.0049
eurobot-base;Flama;glucose4;0.0046
eurobot-base;Flama;glucose4;0.0037
eurobot-base;Flama;glucose4;0.0037
eurobot-base;Flama;glucose4;0.0036
eurobot-base;Flama;glucose4;0.0055
eurobot-base;Flama;glucose4;0.0044
eurobot-base;Flama;glucose4;0.0037
eurobot-base;Flama;glucose4;0.0037
eurobot-base;Flama;glucose4;0.0038
eurobot-base;Flama;glucose4;0.0037
eurobot-base;Flama;glucose4;0.0037
eurobot-base;Flama;glucose4;0.0037
eurobot-base;Flama;glucose4;0.0046
eurobot-base;Flama;glucose4;0.0038
eurobot-base;Flama;glucose4;0.0037
eurobot-base;Flama;glucose4;0.0053
eurobot-base;Flama;glucose4;0.0041
eurobot-base;Flama;glucose4;0.0037
eurobot-base;Flama;glucose4;0.0037
eurobot-base;Flama;glucose4;0.0037
eurobot-base;Flama;glucose4;0.0049
eurobot-base;Flama;glucose4;0.0037
eurobot-base;Flama;glucose4;0.0037
eurobot-base;Flama;glucose4;0.0037
eurobot-base;Flama;glucose4;0.0049
eurobot-base;Flama;glucose4;0.0037
eurobot-base;Flama;glucose4;0.0037
eurobot-base;Flama;glucose4;0.0037
eurobot-base;Flama;glucose4;0.0046
eurobot-base;Flama;glucose4;0.0037
eurobot-base;Flama;glucose4;0.0037
eurobot-base;Flama;glucose4;0.0037
eurobot-base;Flama;glucose4;0.0056
eurobot-base;Flama;glucose4;0.0038
eurobot-base;Flama;glucose4;0.0037
eurobot-base;Flama;glucose4;0.005
eurobot-base;Flama;glucose4;0.0037
eurobot-base;Flama;glucose4;0.0039
eurobot-base;Flama;glucose4;0.0049
eurobot-base;Flama;glucose4;0.0037
eurobot-base;Flama;glucose4;0.0037
eurobot-base;Flama;glucose4;0.0037
eurobot-base;Flama;glucose4;0.0037
eurobot-base;Flama;glucose4;0.0037
eurobot-base;Flama;glucose4;0.0049
eurobot-base;Flama;glucose4;0.0037
eurobot-base;Flama;glucose4;0.0037
eurobot-base;Flama;glucose4;0.0037
eurobot-base;Flama;glucose4;0.0052
eurobot-base;Flama;glucose4;0.0041
eurobot-base;Flama;glucose4;0.0036
eurobot-base;Flama;glucose4;0.0037
eurobot-base;Flama;glucose4;0.0036
eurobot-base;Flama;glucose4;0.0049
eurobot-base;Flama;glucose4;0.0037
eurobot-base;Flama;glucose4;0.0037
eurobot-base;Flama;glucose4;0.0049
eurobot-base;Flama;glucose4;0.0043
eurobot-base;Flama;glucose4;0.0037
eurobot-base;Flama;glucose4;0.0037
eurobot-base;Flama;glucose4;0.0036
eurobot-base;Flama;glucose4;0.0037
eurobot-base;Flama;glucose4;0.0057
eurobot-base;Flama;glucose4;0.0043
eurobot-base;Flama;glucose4;0.0037
eurobot-base;Flama;glucose4;0.0037
eurobot-base;Flama;glucose4;0.0048
eurobot-base;Flama;glucose4;0.0055
eurobot-base;Flama;glucose4;0.0044
eurobot-base;Flama;glucose4;0.0037
eurobot-base;Flama;glucose4;0.0037
eurobot-base;Flama;glucose4;0.0053
eurobot-base;Flama;glucose4;0.005
eurobot-base;Flama;glucose4;0.0036
eurobot-base;Flama;glucose4;0.0037
eurobot-base;Flama;glucose4;0.0037
eurobot-base;Flama;glucose4;0.0054
eurobot-base;Flama;glucose4;0.0041
eurobot-base;Flama;glucose4;0.0037
eurobot-base;Flama;glucose4;0.0037
eurobot-base;Flama;glucose4;0.0037
eurobot-base;Flama;glucose4;0.0048
eurobot-base;Flama;glucose4;0.0046
eurobot-base;Flama;glucose4;0.0037
eurobot-base;Flama;glucose4;0.0036
eurobot-base;Flama;lingeling;0.0233
eurobot-base;Flama;lingeling;0.0233
eurobot-base;Flama;lingeling;0.0236
eurobot-base;Flama;lingeling;0.0315
eurobot-base;Flama;lingeling;0.0236
eurobot-base;Flama;lingeling;0.0234
eurobot-base;Flama;lingeling;0.0234
eurobot-base;Flama;lingeling;0.0233
eurobot-base;Flama;lingeling;0.0236
eurobot-base;Flama;lingeling;0.0233
eurobot-base;Flama;lingeling;0.0235
eurobot-base;Flama;lingeling;0.0234
eurobot-base;Flama;lingeling;0.0233
eurobot-base;Flama;lingeling;0.0235
eurobot-base;Flama;lingeling;0.0234
eurobot-base;Flama;lingeling;0.0235
eurobot-base;Flama;lingeling;0.0233
eurobot-base;Flama;lingeling;0.0234
eurobot-base;Flama;lingeling;0.0233
eurobot-base;Flama;lingeling;0.0237
eurobot-base;Flama;lingeling;0.0233
eurobot-base;Flama;lingeling;0.0234
eurobot-base;Flama;lingeling;0.0232
eurobot-base;Flama;lingeling;0.0234
eurobot-base;Flama;lingeling;0.0236
eurobot-base;Flama;lingeling;0.0236
eurobot-base;Flama;lingeling;0.0234
eurobot-base;Flama;lingeling;0.0236
eurobot-base;Flama;lingeling;0.0234
eurobot-base;Flama;lingeling;0.0237
eurobot-base;Flama;lingeling;0.0233
eurobot-base;Flama;lingeling;0.0235
eurobot-base;Flama;lingeling;0.0234
eurobot-base;Flama;lingeling;0.0235
eurobot-base;Flama;lingeling;0.0234
eurobot-base;Flama;lingeling;0.0232
eurobot-base;Flama;lingeling;0.0235
eurobot-base;Flama;lingeling;0.0234
eurobot-base;Flama;lingeling;0.0234
eurobot-base;Flama;lingeling;0.0234
eurobot-base;Flama;lingeling;0.024
eurobot-base;Flama;lingeling;0.0233
eurobot-base;Flama;lingeling;0.0236
eurobot-base;Flama;lingeling;0.0233
eurobot-base;Flama;lingeling;0.0235
eurobot-base;Flama;lingeling;0.0236
eurobot-base;Flama;lingeling;0.0232
eurobot-base;Flama;lingeling;0.0236
eurobot-base;Flama;lingeling;0.0238
eurobot-base;Flama;lingeling;0.0237
eurobot-base;Flama;lingeling;0.0233
eurobot-base;Flama;lingeling;0.0235
eurobot-base;Flama;lingeling;0.0233
eurobot-base;Flama;lingeling;0.0235
eurobot-base;Flama;lingeling;0.0234
eurobot-base;Flama;lingeling;0.0235
eurobot-base;Flama;lingeling;0.0233
eurobot-base;Flama;lingeling;0.0233
eurobot-base;Flama;lingeling;0.0232
eurobot-base;Flama;lingeling;0.0236
eurobot-base;Flama;lingeling;0.0236
eurobot-base;Flama;lingeling;0.0234
eurobot-base;Flama;lingeling;0.0233
eurobot-base;Flama;lingeling;0.0235
eurobot-base;Flama;lingeling;0.0232
eurobot-base;Flama;lingeling;0.0234
eurobot-base;Flama;lingeling;0.0236
eurobot-base;Flama;lingeling;0.0234
eurobot-base;Flama;lingeling;0.0234
eurobot-base;Flama;lingeling;0.0234
eurobot-base;Flama;lingeling;0.0233
eurobot-base;Flama;lingeling;0.0232
eurobot-base;Flama;lingeling;0.0234
eurobot-base;Flama;lingeling;0.0233
eurobot-base;Flama;lingeling;0.0235
eurobot-base;Flama;lingeling;0.0233
eurobot-base;Flama;lingeling;0.0238
eurobot-base;Flama;lingeling;0.0236
eurobot-base;Flama;lingeling;0.0233
eurobot-base;Flama;lingeling;0.0235
eurobot-base;Flama;lingeling;0.0233
eurobot-base;Flama;lingeling;0.0233
eurobot-base;Flama;lingeling;0.0233
eurobot-base;Flama;lingeling;0.0236
eurobot-base;Flama;lingeling;0.0232
eurobot-base;Flama;lingeling;0.0233
eurobot-base;Flama;lingeling;0.0234
eurobot-base;Flama;lingeling;0.0237
eurobot-base;Flama;lingeling;0.0236
eurobot-base;Flama;lingeling;0.0235
eurobot-base;Flama;lingeling;0.0233
eurobot-base;Flama;lingeling;0.0234
eurobot-base;Flama;lingeling;0.0233
eurobot-base;Flama;lingeling;0.0235
eurobot-base;Flama;lingeling;0.0233
eurobot-base;Flama;lingeling;0.0233
eurobot-base;Flama;lingeling;0.0234
eurobot-base;Flama;lingeling;0.0236
eurobot-base;Flama;lingeling;0.0234
eurobot-base;Flama;lingeling;0.0234
eurobot-base;Flama;minisat22;0.0031
eurobot-base;Flama;minisat22;0.0031
eurobot-base;Flama;minisat22;0.0042
eurobot-base;Flama;minisat22;0.0034
eurobot-base;Flama;minisat22;0.0033
eurobot-base;Flama;minisat22;0.004
eurobot-base;Flama;minisat22;0.0031
eurobot-base;Flama;minisat22;0.0031
eurobot-base;Flama;minisat22;0.0031
eurobot-base;Flama;minisat22;0.0031
eurobot-base;Flama;minisat22;0.0031
eurobot-base;Flama;minisat22;0.0041
eurobot-base;Flama;minisat22;0.0031
eurobot-base;Flama;minisat22;0.0031
eurobot-base;Flama;minisat22;0.0047
eurobot-base;Flama;minisat22;0.0037
eurobot-base;Flama;minisat22;0.0031
eurobot-base;Flama;minisat22;0.0031
eurobot-base;Flama;minisat22;0.0032
eurobot-base;Flama;minisat22;0.0044
eurobot-base;Flama;minisat22;0.0035
eurobot-base;Flama;minisat22;0.0031
eurobot-base;Flama;minisat22;0.0031
eurobot-base;Flama;minisat22;0.0044
eurobot-base;Flama;minisat22;0.0036
eurobot-base;Flama;minisat22;0.0031
eurobot-base;Flama;minisat22;0.0031
eurobot-base;Flama;minisat22;0.0045
eurobot-base;Flama;minisat22;0.0034
eurobot-base;Flama;minisat22;0.0034
eurobot-base;Flama;minisat22;0.0041
eurobot-base;Flama;minisat22;0.0031
eurobot-base;Flama;minisat22;0.0033
eurobot-base;Flama;minisat22;0.0044
eurobot-base;Flama;minisat22;0.0033
eurobot-base;Flama;minisat22;0.0033
eurobot-base;Flama;minisat22;0.0031
eurobot-base;Flama;minisat22;0.0047
eurobot-base;Flama;minisat22;0.0035
eurobot-base;Flama;minisat22;0.0031
eurobot-base;Flama;minisat22;0.0031
eurobot-base;Flama;minisat22;0.0032
eurobot-base;Flama;minisat22;0.0041
eurobot-base;Flama;minisat22;0.0033
eurobot-base;Flama;minisat22;0.0031
eurobot-base;Flama;minisat22;0.0031
eurobot-base;Flama;minisat22;0.0041
eurobot-base;Flama;minisat22;0.0031
eurobot-base;Flama;minisat22;0.0034
eurobot-base;Flama;minisat22;0.0031
eurobot-base;Flama;minisat22;0.0039
eurobot-base;Flama;minisat22;0.0031
eurobot-base;Flama;minisat22;0.0031
eurobot-base;Flama;minisat22;0.0044
eurobot-base;Flama;minisat22;0.0031
eurobot-base;Flama;minisat22;0.0031
eurobot-base;Flama;minisat22;0.0046
eurobot-base;Flama;minisat22;0.0036
eurobot-base;Flama;minisat22;0.0031
eurobot-base;Flama;minisat22;0.0033
eurobot-base;Flama;minisat22;0.0031
eurobot-base;Flama;minisat22;0.0044
eurobot-base;Flama;minisat22;0.0033
eurobot-base;Flama;minisat22;0.0031
eurobot-base;Flama;minisat22;0.0031
eurobot-base;Flama;minisat22;0.0044
eurobot-base;Flama;minisat22;0.0044
eurobot-base;Flama;minisat22;0.0034
eurobot-base;Flama;minisat22;0.0033
eurobot-base;Flama;minisat22;0.0033
eurobot-base;Flama;minisat22;0.0033
eurobot-base;Flama;minisat22;0.0044
eurobot-base;Flama;minisat22;0.0034
eurobot-base;Flama;minisat22;0.0031
eurobot-base;Flama;minisat22;0.0031
eurobot-base;Flama;minisat22;0.0041
eurobot-base;Flama;minisat22;0.0034
eurobot-base;Flama;minisat22;0.0031
eurobot-base;Flama;minisat22;0.0031
eurobot-base;Flama;minisat22;0.0044
eurobot-base;Flama;minisat22;0.0034
eurobot-base;Flama;minisat22;0.0031
eurobot-base;Flama;minisat22;0.0031
eurobot-base;Flama;minisat22;0.0041
eurobot-base;Flama;minisat22;0.0031
eurobot-base;Flama;minisat22;0.0031
eurobot-base;Flama;minisat22;0.0041
eurobot-base;Flama;minisat22;0.0031
eurobot-base;Flama;minisat22;0.0032
eurobot-base;Flama;minisat22;0.0031
eurobot-base;Flama;minisat22;0.0044
eurobot-base;Flama;minisat22;0.0034
eurobot-base;Flama;minisat22;0.0031
eurobot-base;Flama;minisat22;0.0031
eurobot-base;Flama;minisat22;0.0031
eurobot-base;Flama;minisat22;0.0031
eurobot-base;Flama;minisat22;0.0039
eurobot-base;Flama;minisat22;0.0031
eurobot-base;Flama;minisat22;0.0031
eurobot-base;Flama;minisat22;0.0031
eurobot-base;FeatureIDE;Sat4j;0.102781405
eurobot-base;FeatureIDE;Sat4j;0.090747464
eurobot-base;FeatureIDE;Sat4j;0.101433987
eurobot-base;FeatureIDE;Sat4j;0.109513765
eurobot-base;FeatureIDE;Sat4j;0.104807826
eurobot-base;FeatureIDE;Sat4j;0.105006156
eurobot-base;FeatureIDE;Sat4j;0.103931011
eurobot-base;FeatureIDE;Sat4j;0.103949169
eurobot-base;FeatureIDE;Sat4j;0.106608563
eurobot-base;FeatureIDE;Sat4j;0.085329229
eurobot-base;FeatureIDE;Sat4j;0.128771652
eurobot-base;FeatureIDE;Sat4j;0.101421304
eurobot-base;FeatureIDE;Sat4j;0.103725904
eurobot-base;FeatureIDE;Sat4j;0.100958368
eurobot-base;FeatureIDE;Sat4j;0.104641894
eurobot-base;FeatureIDE;Sat4j;0.102902662
eurobot-base;FeatureIDE;Sat4j;0.101819074
eurobot-base;FeatureIDE;Sat4j;0.104810535
eurobot-base;FeatureIDE;Sat4j;0.083949475
eurobot-base;FeatureIDE;Sat4j;0.111106762
eurobot-base;FeatureIDE;Sat4j;0.10243602
eurobot-base;FeatureIDE;Sat4j;0.100674629
eurobot-base;FeatureIDE;Sat4j;0.083202323
eurobot-base;FeatureIDE;Sat4j;0.101047418
eurobot-base;FeatureIDE;Sat4j;0.103309549
eurobot-base;FeatureIDE;Sat4j;0.105308567
eurobot-base;FeatureIDE;Sat4j;0.120196037
eurobot-base;FeatureIDE;Sat4j;0.122106529
eurobot-base;FeatureIDE;Sat4j;0.102337574
eurobot-base;FeatureIDE;Sat4j;0.102537545
eurobot-base;FeatureIDE;Sat4j;0.10425341
eurobot-base;FeatureIDE;Sat4j;0.100851575
eurobot-base;FeatureIDE;Sat4j;0.123937087
eurobot-base;FeatureIDE;Sat4j;0.128674363
eurobot-base;FeatureIDE;Sat4j;0.12250009
eurobot-base;FeatureIDE;Sat4j;0.102269363
eurobot-base;FeatureIDE;Sat4j;0.10335747
eurobot-base;FeatureIDE;Sat4j;0.088669603
eurobot-base;FeatureIDE;Sat4j;0.101866469
eurobot-base;FeatureIDE;Sat4j;0.143743427
eurobot-base;FeatureIDE;Sat4j;0.10168019
eurobot-base;FeatureIDE;Sat4j;0.133723205
eurobot-base;FeatureIDE;Sat4j;0.113229784
eurobot-base;FeatureIDE;Sat4j;0.105444383
eurobot-base;FeatureIDE;Sat4j;0.11561774
eurobot-base;FeatureIDE;Sat4j;0.101402615
eurobot-base;FeatureIDE;Sat4j;0.102144613
eurobot-base;FeatureIDE;Sat4j;0.105039312
eurobot-base;FeatureIDE;Sat4j;0.126455852
eurobot-base;FeatureIDE;Sat4j;0.101432143
eurobot-base;FeatureIDE;Sat4j;0.102026534
eurobot-base;FeatureIDE;Sat4j;0.102781472
eurobot-base;FeatureIDE;Sat4j;0.102855944
eurobot-base;FeatureIDE;Sat4j;0.102393072
eurobot-base;FeatureIDE;Sat4j;0.102300477
eurobot-base;FeatureIDE;Sat4j;0.121624711
eurobot-base;FeatureIDE;Sat4j;0.117667797
eurobot-base;FeatureIDE;Sat4j;0.101558557
eurobot-base;FeatureIDE;Sat4j;0.097694655
eurobot-base;FeatureIDE;Sat4j;0.106045207
eurobot-base;FeatureIDE;Sat4j;0.116726502
eurobot-base;FeatureIDE;Sat4j;0.125267762
eurobot-base;FeatureIDE;Sat4j;0.103275429
eurobot-base;FeatureIDE;Sat4j;0.113455772
eurobot-base;FeatureIDE;Sat4j;0.092802651
eurobot-base;FeatureIDE;Sat4j;0.105444266
eurobot-base;FeatureIDE;Sat4j;0.102646814
eurobot-base;FeatureIDE;Sat4j;0.11588396
eurobot-base;FeatureIDE;Sat4j;0.103197045
eurobot-base;FeatureIDE;Sat4j;0.090915266
eurobot-base;FeatureIDE;Sat4j;0.117767769
eurobot-base;FeatureIDE;Sat4j;0.108119631
eurobot-base;FeatureIDE;Sat4j;0.086051504
eurobot-base;FeatureIDE;Sat4j;0.084947399
eurobot-base;FeatureIDE;Sat4j;0.105401441
eurobot-base;FeatureIDE;Sat4j;0.08554133
eurobot-base;FeatureIDE;Sat4j;0.084314795
eurobot-base;FeatureIDE;Sat4j;0.115783261
eurobot-base;FeatureIDE;Sat4j;0.082503425
eurobot-base;FeatureIDE;Sat4j;0.102816679
eurobot-base;FeatureIDE;Sat4j;0.103545618
eurobot-base;FeatureIDE;Sat4j;0.102420416
eurobot-base;FeatureIDE;Sat4j;0.105656482
eurobot-base;FeatureIDE;Sat4j;0.092734014
eurobot-base;FeatureIDE;Sat4j;0.082073544
eurobot-base;FeatureIDE;Sat4j;0.117228649
eurobot-base;FeatureIDE;Sat4j;0.11569763
eurobot-base;FeatureIDE;Sat4j;0.103221632
eurobot-base;FeatureIDE;Sat4j;0.094718184
eurobot-base;FeatureIDE;Sat4j;0.101482583
eurobot-base;FeatureIDE;Sat4j;0.10109769
eurobot-base;FeatureIDE;Sat4j;0.105991369
eurobot-base;FeatureIDE;Sat4j;0.092445914
eurobot-base;FeatureIDE;Sat4j;0.124711392
eurobot-base;FeatureIDE;Sat4j;0.10346979
eurobot-base;FeatureIDE;Sat4j;0.09566156
eurobot-base;FeatureIDE;Sat4j;0.10101544
eurobot-base;FeatureIDE;Sat4j;0.102090844
eurobot-base;FeatureIDE;Sat4j;0.133444595
eurobot-base;FeatureIDE;Sat4j;0.104851192
fads;Flama;glucose4;0.2021
fads;Flama;glucose4;0.2024
fads;Flama;glucose4;0.1958
fads;Flama;glucose4;0.1959
fads;Flama;glucose4;0.2016
fads;Flama;glucose4;0.2032
fads;Flama;glucose4;0.1933
fads;Flama;glucose4;0.199
fads;Flama;glucose4;0.195
fads;Flama;glucose4;0.2064
fads;Flama;glucose4;0.2007
fads;Flama;glucose4;0.1974
fads;Flama;glucose4;0.1999
fads;Flama;glucose4;0.1999
fads;Flama;glucose4;0.2066
fads;Flama;glucose4;0.2079
fads;Flama;glucose4;0.2102
fads;Flama;glucose4;0.1949
fads;Flama;glucose4;0.1786
fads;Flama;glucose4;0.137
fads;Flama;glucose4;0.1363
fads;Flama;glucose4;0.1441
fads;Flama;glucose4;0.1373
fads;Flama;glucose4;0.1583
fads;Flama;glucose4;0.1403
fads;Flama;glucose4;0.1421
fads;Flama;glucose4;0.2012
fads;Flama;glucose4;0.1895
fads;Flama;glucose4;0.1328
fads;Flama;glucose4;0.1575
fads;Flama;glucose4;0.1393
fads;Flama;glucose4;0.1366
fads;Flama;glucose4;0.1429
fads;Flama;glucose4;0.1353
fads;Flama;glucose4;0.1434
fads;Flama;glucose4;0.1388
fads;Flama;glucose4;0.1571
fads;Flama;glucose4;0.1368
fads;Flama;glucose4;0.1365
fads;Flama;glucose4;0.2064
fads;Flama;glucose4;0.2043
fads;Flama;glucose4;0.2067
fads;Flama;glucose4;0.1953
fads;Flama;glucose4;0.2005
fads;Flama;glucose4;0.2014
fads;Flama;glucose4;0.2053
fads;Flama;glucose4;0.2006
fads;Flama;glucose4;0.1969
fads;Flama;glucose4;0.2003
fads;Flama;glucose4;0.2023
fads;Flama;glucose4;0.1927
fads;Flama;glucose4;0.1938
fads;Flama;glucose4;0.2092
fads;Flama;glucose4;0.2004
fads;Flama;glucose4;0.2056
fads;Flama;glucose4;0.1935
fads;Flama;glucose4;0.1762
fads;Flama;glucose4;0.1411
fads;Flama;glucose4;0.1356
fads;Flama;glucose4;0.2058
fads;Flama;glucose4;0.1954
fads;Flama;glucose4;0.2049
fads;Flama;glucose4;0.2032
fads;Flama;glucose4;0.1992
fads;Flama;glucose4;0.2024
fads;Flama;glucose4;0.1989
fads;Flama;glucose4;0.2062
fads;Flama;glucose4;0.2052
fads;Flama;glucose4;0.2048
fads;Flama;glucose4;0.1972
fads;Flama;glucose4;0.1837
fads;Flama;glucose4;0.1374
fads;Flama;glucose4;0.1378
fads;Flama;glucose4;0.1459
fads;Flama;glucose4;0.1368
fads;Flama;glucose4;0.1373
fads;Flama;glucose4;0.1977
fads;Flama;glucose4;0.2023
fads;Flama;glucose4;0.1993
fads;Flama;glucose4;0.1969
fads;Flama;glucose4;0.1975
fads;Flama;glucose4;0.1977
fads;Flama;glucose4;0.1967
fads;Flama;glucose4;0.1963
fads;Flama;glucose4;0.2049
fads;Flama;glucose4;0.2037
fads;Flama;glucose4;0.2036
fads;Flama;glucose4;0.2001
fads;Flama;glucose4;0.1741
fads;Flama;glucose4;0.1353
fads;Flama;glucose4;0.1378
fads;Flama;glucose4;0.1528
fads;Flama;glucose4;0.1371
fads;Flama;glucose4;0.1532
fads;Flama;glucose4;0.1413
fads;Flama;glucose4;0.1357
fads;Flama;glucose4;0.201
fads;Flama;glucose4;0.2014
fads;Flama;glucose4;0.2016
fads;Flama;glucose4;0.1603
fads;Flama;lingeling;1.0488
fads;Flama;lingeling;1.0624
fads;Flama;lingeling;1.0474
fads;Flama;lingeling;1.0589
fads;Flama;lingeling;1.0524
fads;Flama;lingeling;1.0616
fads;Flama;lingeling;1.0535
fads;Flama;lingeling;1.0691
fads;Flama;lingeling;1.0584
fads;Flama;lingeling;1.0637
fads;Flama;lingeling;1.098
fads;Flama;lingeling;1.0435
fads;Flama;lingeling;1.0543
fads;Flama;lingeling;1.053
fads;Flama;lingeling;1.0485
fads;Flama;lingeling;1.0663
fads;Flama;lingeling;1.0699
fads;Flama;lingeling;1.2119
fads;Flama;lingeling;1.0651
fads;Flama;lingeling;1.0516
fads;Flama;lingeling;1.0478
fads;Flama;lingeling;1.0492
fads;Flama;lingeling;1.0452
fads;Flama;lingeling;1.0521
fads;Flama;lingeling;1.0535
fads;Flama;lingeling;1.0491
fads;Flama;lingeling;1.0462
fads;Flama;lingeling;1.1323
fads;Flama;lingeling;1.0594
fads;Flama;lingeling;1.0512
fads;Flama;lingeling;1.0519
fads;Flama;lingeling;1.0494
fads;Flama;lingeling;1.0665
fads;Flama;lingeling;1.0625
fads;Flama;lingeling;1.0689
fads;Flama;lingeling;1.0505
fads;Flama;lingeling;1.0484
fads;Flama;lingeling;1.0634
fads;Flama;lingeling;1.0468
fads;Flama;lingeling;1.066
fads;Flama;lingeling;1.0492
fads;Flama;lingeling;1.0603
fads;Flama;lingeling;1.0514
fads;Flama;lingeling;1.0683
fads;Flama;lingeling;1.0585
fads;Flama;lingeling;1.0487
fads;Flama;lingeling;1.0534
fads;Flama;lingeling;1.0593
fads;Flama;lingeling;1.0584
fads;Flama;lingeling;1.0519
fads;Flama;lingeling;1.1155
fads;Flama;lingeling;1.0513
fads;Flama;lingeling;1.0928
fads;Flama;lingeling;1.0523
fads;Flama;lingeling;1.0507
fads;Flama;lingeling;1.0516
fads;Flama;lingeling;1.049
fads;Flama;lingeling;1.0547
fads;Flama;lingeling;1.0524
fads;Flama;lingeling;1.0578
fads;Flama;lingeling;1.0567
fads;Flama;lingeling;1.0661
fads;Flama;lingeling;1.1266
fads;Flama;lingeling;1.0606
fads;Flama;lingeling;1.0508
fads;Flama;lingeling;1.0506
fads;Flama;lingeling;1.0629
fads;Flama;lingeling;1.0637
fads;Flama;lingeling;1.0595
fads;Flama;lingeling;1.0544
fads;Flama;lingeling;1.0628
fads;Flama;lingeling;1.0674
fads;Flama;lingeling;1.0495
fads;Flama;lingeling;1.0521
fads;Flama;lingeling;1.0582
fads;Flama;lingeling;1.0718
fads;Flama;lingeling;1.0699
fads;Flama;lingeling;1.0457
fads;Flama;lingeling;1.0483
fads;Flama;lingeling;1.0531
fads;Flama;lingeling;1.0538
fads;Flama;lingeling;1.0468
fads;Flama;lingeling;1.0469
fads;Flama;lingeling;1.0452
fads;Flama;lingeling;1.0503
fads;Flama;lingeling;1.0491
fads;Flama;lingeling;1.0604
fads;Flama;lingeling;1.147
fads;Flama;lingeling;1.0467
fads;Flama;lingeling;1.0528
fads;Flama;lingeling;1.0542
fads;Flama;lingeling;1.063
fads;Flama;lingeling;1.074
fads;Flama;lingeling;1.1136
fads;Flama;lingeling;1.0463
fads;Flama;lingeling;1.0517
fads;Flama;lingeling;1.0585
fads;Flama;lingeling;1.0704
fads;Flama;lingeling;1.0575
fads;Flama;lingeling;1.1065
fads;Flama;minisat22;0.1322
fads;Flama;minisat22;0.1483
fads;Flama;minisat22;0.1374
fads;Flama;minisat22;0.1343
fads;Flama;minisat22;0.137
fads;Flama;minisat22;0.1348
fads;Flama;minisat22;0.1584
fads;Flama;minisat22;0.1359
fads;Flama;minisat22;0.1316
fads;Flama;minisat22;0.1992
fads;Flama;minisat22;0.1573
fads;Flama;minisat22;0.1357
fads;Flama;minisat22;0.2011
fads;Flama;minisat22;0.1972
fads;Flama;minisat22;0.1587
fads;Flama;minisat22;0.1323
fads;Flama;minisat22;0.2163
fads;Flama;minisat22;0.1937
fads;Flama;minisat22;0.2003
fads;Flama;minisat22;0.1998
fads;Flama;minisat22;0.2006
fads;Flama;minisat22;0.1954
fads;Flama;minisat22;0.1979
fads;Flama;minisat22;0.2042
fads;Flama;minisat22;0.1986
fads;Flama;minisat22;0.1738
fads;Flama;minisat22;0.1329
fads;Flama;minisat22;0.1965
fads;Flama;minisat22;0.1992
fads;Flama;minisat22;0.1945
fads;Flama;minisat22;0.1637
fads;Flama;minisat22;0.1396
fads;Flama;minisat22;0.1972
fads;Flama;minisat22;0.2036
fads;Flama;minisat22;0.1924
fads;Flama;minisat22;0.1606
fads;Flama;minisat22;0.1322
fads;Flama;minisat22;0.1989
fads;Flama;minisat22;0.1933
fads;Flama;minisat22;0.2052
fads;Flama;minisat22;0.1952
fads;Flama;minisat22;0.2045
fads;Flama;minisat22;0.1909
fads;Flama;minisat22;0.1684
fads;Flama;minisat22;0.1321
fads;Flama;minisat22;0.1948
fads;Flama;minisat22;0.1768
fads;Flama;minisat22;0.1325
fads;Flama;minisat22;0.1293
fads;Flama;minisat22;0.136
fads;Flama;minisat22;0.1396
fads;Flama;minisat22;0.1332
fads;Flama;minisat22;0.155
fads;Flama;minisat22;0.1353
fads;Flama;minisat22;0.1363
fads;Flama;minisat22;0.1942
fads;Flama;minisat22;0.1934
fads;Flama;minisat22;0.2009
fads;Flama;minisat22;0.2018
fads;Flama;minisat22;0.1983
fads;Flama;minisat22;0.196
fads;Flama;minisat22;0.1997
fads;Flama;minisat22;0.1944
fads;Flama;minisat22;0.1939
fads;Flama;minisat22;0.195
fads;Flama;minisat22;0.1988
fads;Flama;minisat22;0.2047
fads;Flama;minisat22;0.1943
fads;Flama;minisat22;0.1757
fads;Flama;minisat22;0.1345
fads;Flama;minisat22;0.1346
fads;Flama;minisat22;0.1467
fads;Flama;minisat22;0.1362
fads;Flama;minisat22;0.1552
fads;Flama;minisat22;0.1921
fads;Flama;minisat22;0.1989
fads;Flama;minisat22;0.2004
fads;Flama;minisat22;0.2045
fads;Flama;minisat22;0.1998
fads;Flama;minisat22;0.1707
fads;Flama;minisat22;0.1362
fads;Flama;minisat22;0.1344
fads;Flama;minisat22;0.1472
fads;Flama;minisat22;0.1319
fads;Flama;minisat22;0.1352
fads;Flama;minisat22;0.1947
fads;Flama;minisat22;0.1907
fads;Flama;minisat22;0.2005
fads;Flama;minisat22;0.1983
fads;Flama;minisat22;0.1993
fads;Flama;minisat22;0.1974
fads;Flama;minisat22;0.197
fads;Flama;minisat22;0.1941
fads;Flama;minisat22;0.1946
fads;Flama;minisat22;0.1988
fads;Flama;minisat22;0.1928
fads;Flama;minisat22;0.1685
fads;Flama;minisat22;0.1351
fads;Flama;minisat22;0.1993
fads;Flama;minisat22;0.1943
fads;FeatureIDE;Sat4j;0.199472875
fads;FeatureIDE;Sat4j;0.183454194
fads;FeatureIDE;Sat4j;0.195230968
fads;FeatureIDE;Sat4j;0.181069145
fads;FeatureIDE;Sat4j;0.192304046
fads;FeatureIDE;Sat4j;0.188237952
fads;FeatureIDE;Sat4j;0.182510032
fads;FeatureIDE;Sat4j;0.204096306
fads;FeatureIDE;Sat4j;0.192016263
fads;FeatureIDE;Sat4j;0.195955166
fads;FeatureIDE;Sat4j;0.198858428
fads;FeatureIDE;Sat4j;0.166203386
fads;FeatureIDE;Sat4j;0.169998862
fads;FeatureIDE;Sat4j;0.18548542
fads;FeatureIDE;Sat4j;0.197461663
fads;FeatureIDE;Sat4j;0.203663432
fads;FeatureIDE;Sat4j;0.187941066
fads;FeatureIDE;Sat4j;0.168464651
fads;FeatureIDE;Sat4j;0.159630534
fads;FeatureIDE;Sat4j;0.187461425
fads;FeatureIDE;Sat4j;0.185634392
fads;FeatureIDE;Sat4j;0.239506586
fads;FeatureIDE;Sat4j;0.195368328
fads;FeatureIDE;Sat4j;0.182540074
fads;FeatureIDE;Sat4j;0.193652967
fads;FeatureIDE;Sat4j;0.223650737
fads;FeatureIDE;Sat4j;0.19630916
fads;FeatureIDE;Sat4j;0.191676672
fads;FeatureIDE;Sat4j;0.197455073
fads;FeatureIDE;Sat4j;0.16749691
fads;FeatureIDE;Sat4j;0.206199523
fads;FeatureIDE;Sat4j;0.186124732
fads;FeatureIDE;Sat4j;0.215106544
fads;FeatureIDE;Sat4j;0.191016807
fads;FeatureIDE;Sat4j;0.1840904
fads;FeatureIDE;Sat4j;0.184124255
fads;FeatureIDE;Sat4j;0.174077148
fads;FeatureIDE;Sat4j;0.168635712
fads;FeatureIDE;Sat4j;0.172727451
fads;FeatureIDE;Sat4j;0.163631897
fads;FeatureIDE;Sat4j;0.189995626
fads;FeatureIDE;Sat4j;0.195430155
fads;FeatureIDE;Sat4j;0.19962811
fads;FeatureIDE;Sat4j;0.185477278
fads;FeatureIDE;Sat4j;0.171559833
fads;FeatureIDE;Sat4j;0.185460172
fads;FeatureIDE;Sat4j;0.19417984
fads;FeatureIDE;Sat4j;0.197097381
fads;FeatureIDE;Sat4j;0.18393497
fads;FeatureIDE;Sat4j;0.183875747
fads;FeatureIDE;Sat4j;0.164536678
fads;FeatureIDE;Sat4j;0.183441077
fads;FeatureIDE;Sat4j;0.198630423
fads;FeatureIDE;Sat4j;0.184554272
fads;FeatureIDE;Sat4j;0.198368938
fads;FeatureIDE;Sat4j;0.205950054
fads;FeatureIDE;Sat4j;0.184130072
fads;FeatureIDE;Sat4j;0.202503614
fads;FeatureIDE;Sat4j;0.185658059
fads;FeatureIDE;Sat4j;0.166238678
fads;FeatureIDE;Sat4j;0.196122013
fads;FeatureIDE;Sat4j;0.208918225
fads;FeatureIDE;Sat4j;0.198949582
fads;FeatureIDE;Sat4j;0.200285987
fads;FeatureIDE;Sat4j;0.18975943
fads;FeatureIDE;Sat4j;0.178471703
fads;FeatureIDE;Sat4j;0.185216781
fads;FeatureIDE;Sat4j;0.187777579
fads;FeatureIDE;Sat4j;0.190995931
fads;FeatureIDE;Sat4j;0.168438392
fads;FeatureIDE;Sat4j;0.161643848
fads;FeatureIDE;Sat4j;0.183874315
fads;FeatureIDE;Sat4j;0.182595272
fads;FeatureIDE;Sat4j;0.157568737
fads;FeatureIDE;Sat4j;0.185790264
fads;FeatureIDE;Sat4j;0.184558017
fads;FeatureIDE;Sat4j;0.209574404
fads;FeatureIDE;Sat4j;0.188229978
fads;FeatureIDE;Sat4j;0.190113418
fads;FeatureIDE;Sat4j;0.196966164
fads;FeatureIDE;Sat4j;0.198541328
fads;FeatureIDE;Sat4j;0.188114305
fads;FeatureIDE;Sat4j;0.165872542
fads;FeatureIDE;Sat4j;0.193365454
fads;FeatureIDE;Sat4j;0.188110507
fads;FeatureIDE;Sat4j;0.185546042
fads;FeatureIDE;Sat4j;0.197795155
fads;FeatureIDE;Sat4j;0.18346164
fads;FeatureIDE;Sat4j;0.198610212
fads;FeatureIDE;Sat4j;0.181735269
fads;FeatureIDE;Sat4j;0.185173469
fads;FeatureIDE;Sat4j;0.184447225
fads;FeatureIDE;Sat4j;0.193063895
fads;FeatureIDE;Sat4j;0.192022445
fads;FeatureIDE;Sat4j;0.202851855
fads;FeatureIDE;Sat4j;0.184461339
fads;FeatureIDE;Sat4j;0.187578884
fads;FeatureIDE;Sat4j;0.183773798
fads;FeatureIDE;Sat4j;0.197279212
fads;FeatureIDE;Sat4j;0.198113573
ixdp425;Flama;glucose4;0.2448
ixdp425;Flama;glucose4;0.1502
ixdp425;Flama;glucose4;0.1505
ixdp425;Flama;glucose4;0.2165
ixdp425;Flama;glucose4;0.2178
ixdp425;Flama;glucose4;0.2209
ixdp425;Flama;glucose4;0.2237
ixdp425;Flama;glucose4;0.2153
ixdp425;Flama;glucose4;0.2147
ixdp425;Flama;glucose4;0.2208
ixdp425;Flama;glucose4;0.22
ixdp425;Flama;glucose4;0.2191
ixdp425;Flama;glucose4;0.2194
ixdp425;Flama;glucose4;0.2251
ixdp425;Flama;glucose4;0.222
ixdp425;Flama;glucose4;0.2147
ixdp425;Flama;glucose4;0.2203
ixdp425;Flama;glucose4;0.2255
ixdp425;Flama;glucose4;0.2178
ixdp425;Flama;glucose4;0.2149
ixdp425;Flama;glucose4;0.1755
ixdp425;Flama;glucose4;0.1473
ixdp425;Flama;glucose4;0.1513
ixdp425;Flama;glucose4;0.1551
ixdp425;Flama;glucose4;0.2149
ixdp425;Flama;glucose4;0.2171
ixdp425;Flama;glucose4;0.2414
ixdp425;Flama;glucose4;0.2162
ixdp425;Flama;glucose4;0.2204
ixdp425;Flama;glucose4;0.1717
ixdp425;Flama;glucose4;0.1515
ixdp425;Flama;glucose4;0.2244
ixdp425;Flama;glucose4;0.2147
ixdp425;Flama;glucose4;0.218
ixdp425;Flama;glucose4;0.1706
ixdp425;Flama;glucose4;0.151
ixdp425;Flama;glucose4;0.1523
ixdp425;Flama;glucose4;0.1504
ixdp425;Flama;glucose4;0.2249
ixdp425;Flama;glucose4;0.2121
ixdp425;Flama;glucose4;0.2267
ixdp425;Flama;glucose4;0.2147
ixdp425;Flama;glucose4;0.2148
ixdp425;Flama;glucose4;0.2244
ixdp425;Flama;glucose4;0.2206
ixdp425;Flama;glucose4;0.2235
ixdp425;Flama;glucose4;0.222
ixdp425;Flama;glucose4;0.2177
ixdp425;Flama;glucose4;0.2258
ixdp425;Flama;glucose4;0.2162
ixdp425;Flama;glucose4;0.2422
ixdp425;Flama;glucose4;0.2212
ixdp425;Flama;glucose4;0.2206
ixdp425;Flama;glucose4;0.2256
ixdp425;Flama;glucose4;0.223
ixdp425;Flama;glucose4;0.2216
ixdp425;Flama;glucose4;0.2182
ixdp425;Flama;glucose4;0.2119
ixdp425;Flama;glucose4;0.169
ixdp425;Flama;glucose4;0.1514
ixdp425;Flama;glucose4;0.166
ixdp425;Flama;glucose4;0.1516
ixdp425;Flama;glucose4;0.1506
ixdp425;Flama;glucose4;0.1514
ixdp425;Flama;glucose4;0.2169
ixdp425;Flama;glucose4;0.2165
ixdp425;Flama;glucose4;0.2217
ixdp425;Flama;glucose4;0.2178
ixdp425;Flama;glucose4;0.2207
ixdp425;Flama;glucose4;0.2228
ixdp425;Flama;glucose4;0.2114
ixdp425;Flama;glucose4;0.224
ixdp425;Flama;glucose4;0.215
ixdp425;Flama;glucose4;0.2146
ixdp425;Flama;glucose4;0.2223
ixdp425;Flama;glucose4;0.2159
ixdp425;Flama;glucose4;0.2232
ixdp425;Flama;glucose4;0.2367
ixdp425;Flama;glucose4;0.214
ixdp425;Flama;glucose4;0.2238
ixdp425;Flama;glucose4;0.2179
ixdp425;Flama;glucose4;0.2218
ixdp425;Flama;glucose4;0.2244
ixdp425;Flama;glucose4;0.2132
ixdp425;Flama;glucose4;0.217
ixdp425;Flama;glucose4;0.1706
ixdp425;Flama;glucose4;0.1514
ixdp425;Flama;glucose4;0.1475
ixdp425;Flama;glucose4;0.1475
ixdp425;Flama;glucose4;0.2215
ixdp425;Flama;glucose4;0.1867
ixdp425;Flama;glucose4;0.1498
ixdp425;Flama;glucose4;0.1648
ixdp425;Flama;glucose4;0.1482
ixdp425;Flama;glucose4;0.1625
ixdp425;Flama;glucose4;0.1488
ixdp425;Flama;glucose4;0.1525
ixdp425;Flama;glucose4;0.1468
ixdp425;Flama;glucose4;0.1458
ixdp425;Flama;glucose4;0.1529
ixdp425;Flama;lingeling;1.1596
ixdp425;Flama;lingeling;1.1646
ixdp425;Flama;lingeling;1.1595
ixdp425;Flama;lingeling;1.1781
ixdp425;Flama;lingeling;1.1573
ixdp425;Flama;lingeling;1.1571
ixdp425;Flama;lingeling;1.1549
ixdp425;Flama;lingeling;1.1591
ixdp425;Flama;lingeling;1.158
ixdp425;Flama;lingeling;1.1605
ixdp425;Flama;lingeling;1.1652
ixdp425;Flama;lingeling;1.1635
ixdp425;Flama;lingeling;1.1591
ixdp425;Flama;lingeling;1.1569
ixdp425;Flama;lingeling;1.1754
ixdp425;Flama;lingeling;1.1532
ixdp425;Flama;lingeling;1.1654
ixdp425;Flama;lingeling;1.1762
ixdp425;Flama;lingeling;1.1576
ixdp425;Flama;lingeling;1.1607
ixdp425;Flama;lingeling;1.1648
ixdp425;Flama;lingeling;1.1754
ixdp425;Flama;lingeling;1.1667
ixdp425;Flama;lingeling;1.1609
ixdp425;Flama;lingeling;1.1655
ixdp425;Flama;lingeling;1.1565
ixdp425;Flama;lingeling;1.1831
ixdp425;Flama;lingeling;1.1578
ixdp425;Flama;lingeling;1.156
ixdp425;Flama;lingeling;1.166
ixdp425;Flama;lingeling;1.1593
ixdp425;Flama;lingeling;1.1602
ixdp425;Flama;lingeling;1.1613
ixdp425;Flama;lingeling;1.1583
ixdp425;Flama;lingeling;1.1739
ixdp425;Flama;lingeling;1.1625
ixdp425;Flama;lingeling;1.1587
ixdp425;Flama;lingeling;1.158
ixdp425;Flama;lingeling;1.1758
ixdp425;Flama;lingeling;1.2289
ixdp425;Flama;lingeling;1.17
ixdp425;Flama;lingeling;1.1571
ixdp425;Flama;lingeling;1.1661
ixdp425;Flama;lingeling;1.1602
ixdp425;Flama;lingeling;1.2798
ixdp425;Flama;lingeling;1.1834
ixdp425;Flama;lingeling;1.4859
ixdp425;Flama;lingeling;1.1781
ixdp425;Flama;lingeling;1.3759
ixdp425;Flama;lingeling;1.3457
ixdp425;Flama;lingeling;1.3658
ixdp425;Flama;lingeling;1.1776
ixdp425;Flama;lingeling;1.2134
ixdp425;Flama;lingeling;1.2484
ixdp425;Flama;lingeling;1.2312
ixdp425;Flama;lingeling;1.3924
ixdp425;Flama;lingeling;1.3373
ixdp425;Flama;lingeling;1.3974
ixdp425;Flama;lingeling;1.1956
ixdp425;Flama;lingeling;1.2416
ixdp425;Flama;lingeling;1.1843
ixdp425;Flama;lingeling;1.3704
ixdp425;Flama;lingeling;1.3367
ixdp425;Flama;lingeling;1.3655
ixdp425;Flama;lingeling;1.3605
ixdp425;Flama;lingeling;1.2182
ixdp425;Flama;lingeling;1.334
ixdp425;Flama;lingeling;1.13
ixdp425;Flama;lingeling;1.3316
ixdp425;Flama;lingeling;1.3273
ixdp425;Flama;lingeling;1.3486
ixdp425;Flama;lingeling;1.1169
ixdp425;Flama;lingeling;1.1576
ixdp425;Flama;lingeling;1.3103
ixdp425;Flama;lingeling;1.3373
ixdp425;Flama;lingeling;1.1103
ixdp425;Flama;lingeling;1.1851
ixdp425;Flama;lingeling;1.1128
ixdp425;Flama;lingeling;1.3639
ixdp425;Flama;lingeling;1.1063
ixdp425;Flama;lingeling;1.1718
ixdp425;Flama;lingeling;1.1075
ixdp425;Flama;lingeling;1.1665
ixdp425;Flama;lingeling;1.1169
ixdp425;Flama;lingeling;1.1498
ixdp425;Flama;lingeling;1.3093
ixdp425;Flama;lingeling;1.1572
ixdp425;Flama;lingeling;1.1081
ixdp425;Flama;lingeling;1.1571
ixdp425;Flama;lingeling;1.113
ixdp425;Flama;lingeling;1.1386
ixdp425;Flama;lingeling;1.1348
ixdp425;Flama;lingeling;1.1221
ixdp425;Flama;lingeling;1.1459
ixdp425;Flama;lingeling;1.1177
ixdp425;Flama;lingeling;1.162
ixdp425;Flama;lingeling;1.1051
ixdp425;Flama;lingeling;1.1707
ixdp425;Flama;lingeling;1.11
ixdp425;Flama;lingeling;1.171
ixdp425;Flama;minisat22;0.1403
ixdp425;Flama;minisat22;0.1433
ixdp425;Flama;minisat22;0.142
ixdp425;Flama;minisat22;0.2223
ixdp425;Flama;minisat22;0.164
ixdp425;Flama;minisat22;0.1512
ixdp425;Flama;minisat22;0.1679
ixdp425;Flama;minisat22;0.1426
ixdp425;Flama;minisat22;0.1452
ixdp425;Flama;minisat22;0.1391
ixdp425;Flama;minisat22;0.1653
ixdp425;Flama;minisat22;0.1435
ixdp425;Flama;minisat22;0.1396
ixdp425;Flama;minisat22;0.2206
ixdp425;Flama;minisat22;0.2239
ixdp425;Flama;minisat22;0.2182
ixdp425;Flama;minisat22;0.2273
ixdp425;Flama;minisat22;0.1679
ixdp425;Flama;minisat22;0.1399
ixdp425;Flama;minisat22;0.2222
ixdp425;Flama;minisat22;0.1875
ixdp425;Flama;minisat22;0.149
ixdp425;Flama;minisat22;0.1526
ixdp425;Flama;minisat22;0.139
ixdp425;Flama;minisat22;0.1625
ixdp425;Flama;minisat22;0.1423
ixdp425;Flama;minisat22;0.1401
ixdp425;Flama;minisat22;0.2219
ixdp425;Flama;minisat22;0.2185
ixdp425;Flama;minisat22;0.2181
ixdp425;Flama;minisat22;0.2183
ixdp425;Flama;minisat22;0.1615
ixdp425;Flama;minisat22;0.1401
ixdp425;Flama;minisat22;0.2163
ixdp425;Flama;minisat22;0.2248
ixdp425;Flama;minisat22;0.2198
ixdp425;Flama;minisat22;0.2156
ixdp425;Flama;minisat22;0.1593
ixdp425;Flama;minisat22;0.1404
ixdp425;Flama;minisat22;0.2137
ixdp425;Flama;minisat22;0.1416
ixdp425;Flama;minisat22;0.1396
ixdp425;Flama;minisat22;0.1476
ixdp425;Flama;minisat22;0.1509
ixdp425;Flama;minisat22;0.2263
ixdp425;Flama;minisat22;0.2189
ixdp425;Flama;minisat22;0.2489
ixdp425;Flama;minisat22;0.2193
ixdp425;Flama;minisat22;0.2259
ixdp425;Flama;minisat22;0.168
ixdp425;Flama;minisat22;0.1503
ixdp425;Flama;minisat22;0.2237
ixdp425;Flama;minisat22;0.2226
ixdp425;Flama;minisat22;0.1621
ixdp425;Flama;minisat22;0.14
ixdp425;Flama;minisat22;0.1406
ixdp425;Flama;minisat22;0.161
ixdp425;Flama;minisat22;0.1508
ixdp425;Flama;minisat22;0.152
ixdp425;Flama;minisat22;0.2199
ixdp425;Flama;minisat22;0.2203
ixdp425;Flama;minisat22;0.221
ixdp425;Flama;minisat22;0.2211
ixdp425;Flama;minisat22;0.1756
ixdp425;Flama;minisat22;0.1497
ixdp425;Flama;minisat22;0.1523
ixdp425;Flama;minisat22;0.14
ixdp425;Flama;minisat22;0.2303
ixdp425;Flama;minisat22;0.222
ixdp425;Flama;minisat22;0.2165
ixdp425;Flama;minisat22;0.2243
ixdp425;Flama;minisat22;0.2212
ixdp425;Flama;minisat22;0.2348
ixdp425;Flama;minisat22;0.2197
ixdp425;Flama;minisat22;0.2127
ixdp425;Flama;minisat22;0.1407
ixdp425;Flama;minisat22;0.1476
ixdp425;Flama;minisat22;0.1402
ixdp425;Flama;minisat22;0.2166
ixdp425;Flama;minisat22;0.2233
ixdp425;Flama;minisat22;0.1423
ixdp425;Flama;minisat22;0.2184
ixdp425;Flama;minisat22;0.2169
ixdp425;Flama;minisat22;0.2093
ixdp425;Flama;minisat22;0.2181
ixdp425;Flama;minisat22;0.2136
ixdp425;Flama;minisat22;0.2187
ixdp425;Flama;minisat22;0.2239
ixdp425;Flama;minisat22;0.2148
ixdp425;Flama;minisat22;0.2235
ixdp425;Flama;minisat22;0.1746
ixdp425;Flama;minisat22;0.153
ixdp425;Flama;minisat22;0.1685
ixdp425;Flama;minisat22;0.139
ixdp425;Flama;minisat22;0.1588
ixdp425;Flama;minisat22;0.1427
ixdp425;Flama;minisat22;0.1367
ixdp425;Flama;minisat22;0.2165
ixdp425;Flama;minisat22;0.2188
ixdp425;Flama;minisat22;0.2168
